10002,Aakash
10005,Aamil
10006,Aamir
10010,Aarik
10019,Aaryn
10020,Abagael
10029,Abbigail
10039,Abdul
10044,Abdullatif
10063,Abimael
10080,Acey
10082,Achilles
10084,Adah
10088,Adalberto
10089,Adaline
10109,Adekunle
10113,Adelaide
10114,Adelbert
10118,Adelice
10119,Adelina
10125,Adelle
10129,Aden
10135,Adham
10136,Adi
10137,Adia
10145,Aditya
10146,Adlai
10150,Adnrea
10154,Adolph
10157,Adolphus
10165,Adore
10168,Adra
10169,Adrain
10170,Adraine
10171,Adrea
10172,Adrean
10173,Adreana
10174,Adreanna
10175,Adrena
10182,Adriann
10187,Adrick
10209,Afaf
10230,Agnella
10233,Agnesse
10234,Agneta
10240,Agueda
10241,Aguinaldo
10245,Agustine
10247,Ahlam
10258,Ahuva
10265,Aiden
10266,Aiesha
10269,Aiko
10272,Ailee
10281,Aiman
10298,Aisa
10320,Akeen
10322,Akeila
10323,Akeim
10325,Akela
10327,Akesha
10329,Akhil
10333,Akil
10338,Akio
10345,Akua
10347,Ala
10349,Alacia
10356,Alameda
10362,Alando
10370,Alasdair
10383,Albertina
10384,Albertine
10387,Albina
10389,Albrecht
10392,Alden
10399,Aldrich
10402,Aldwin
10403,Alea
10408,Alec
10412,Aleck
10423,Alegra
10435,Aleks
10436,Aleksandar
10448,Alese
10455,Alessia
10456,Aleta
10463,Alexa
10466,Alexander
10468,Alexanderia
10474,Alexandro
10483,Alexias
10485,Alexina
10493,Alexzander
10494,Alexzandra
10503,Alfonse
10514,Algernon
10516,Ali
10533,Aliecia
10542,Aline
10543,Alireza
10544,Alis
10547,Aliscia
10548,Alise
10549,Alisen
10555,Alissa
10563,Alita
10564,Alivia
10573,Alla
10576,Allana
10580,Allegra
10581,Allen
10583,Allene
10586,Alley
10599,Allissa
10607,Ally
10610,Allyn
10613,Allyse
10615,Allyson
10620,Almarosa
10626,Almira
10644,Aloysia
10645,Aloysius
10647,Alpha
10656,Altariq
10664,Alvera
10665,Alverta
10669,Alvinia
10674,Alvon
10682,Alyn
10686,Alyse
10689,Alyshia
10692,Alyss
10698,Ama
10699,Amabel
10703,Amadeus
10706,Amal
10715,Aman
10716,Amana
10720,Amandah
10722,Amandeep
10725,Amandie
10731,Amantha
10734,Amargo
10739,Amaris
10741,Amata
10755,Amberlie
10757,Amberlyn
10760,Amberrose
10764,Ambr
10770,Ambriel
10776,Ambrosius
10780,Amdrew
10786,Ameera
10792,Amelie
10808,Amethyst
10815,Amii
10820,Amin
10821,Amina
10826,Amira
10830,Amit
10831,Amita
10840,Ammy
10843,Amon
10847,Amos
10849,Amr
10860,Anaalicia
10861,Anabal
10863,Anabell
10868,Anahita
10870,Anais
10879,Analise
10881,Anallese
10884,Anamaria
10887,Anan
10896,Anastasie
10899,Anastazia
10920,Andonis
10928,Andreal
10934,Andreia
10939,Andrell
10941,Andrena
10943,Andrew
10944,Andrewjames
10947,Andreya
10952,Andriana
10954,Andrica
10961,Andromache
10968,Andrzej
10984,Anessa
10988,Anett
10998,Angelea
11000,Angelena
11014,Angelina
11020,Angelita
11025,Angellica
11029,Angie
11033,Anglea
11039,Anhthu
11044,Aniceto
11064,Anita
11070,Anjanette
11078,Anjulie
11084,Anna
11096,Annadiane
11099,Annalea
11109,Annaliza
11110,Annalyn
11111,Annalynn
11112,Annalyse
11117,Annamary
11126,Anne-Marie
11132,Annelies
11138,Annessa
11148,Annika
11150,Annis
11151,Annisha
11152,Annissa
11157,Annora
11159,Anny
11171,Anson
11177,Ante
11195,Antiono
11199,Antoinette
11200,Antoinne
11205,Antonella
11221,Antonisha
11224,Antonyo
11227,Antown
11230,Antron
11242,Antwion
11243,Antwoin
11245,Antwon
11246,Antwone
11249,Antwyne
11260,Aphrodite
11271,Aprile
11273,Aprill
11278,Apryll
11281,Aquil
11284,Aquino
11291,Arabelle
11295,Aracelis
11301,Aran
11309,Arch
11313,Archie
11315,Archy
11322,Ardella
11323,Ardelle
11325,Ardene
11337,Arel
11341,Arelys
11347,Argentina
11352,Ariadne
11362,Arick
11363,Aricka
11365,Arie
11378,Arik
11379,Arika
11389,Aristotelis
11400,Arlee
11403,Arlen
11416,Arlina
11419,Arlington
11424,Arluene
11431,Armandina
11436,Armin
11442,Arnaldo
11445,Arnel
11447,Arnesha
11449,Arnetta
11450,Arnie
11455,Arnoldo
11457,Aron
11458,Arpan
11465,Arsenio
11466,Arshad
11468,Artavia
11477,Arther
11480,Arti
11492,Arvie
11504,Aryeh
11507,Asad
11518,Ashaunti
11520,Ashea
11522,Ashely
11529,Ashira
11556,Ashly
11565,Ashtin
11580,Aspen
11584,Astra
11585,Astrid
11591,Atalie
11592,Atanacio
11597,Athanasia
11598,Athanasios
11610,Atina
11615,Atlantis
11620,Atoya
11622,Atthew
11624,Aub
11663,Augustin
11666,Augusto
11667,Augustus
11669,Auna
11674,Aunna
11679,Aurelia
11684,Auria
11691,Aurora
11697,Auston
11699,Authur
11705,Avani
11706,Avanti
11712,Aven
11720,Avi
11721,Avia
11723,Aviance
11730,Avital
11741,Avrom
11746,Ayana
11747,Ayanna
11755,Ayinde
11756,Ayisha
11760,Aylmer
11763,Ayn
11772,Azadeh
11776,Azia
11784,Azure
11803,Baila
11805,Bailey
11807,Baillie
11830,Barbabra
11833,Barbaraanne
11838,Barbey
11843,Barclay
11847,Bari
11850,Barnabas
11860,Barr
11865,Barrington
11867,Barron
11877,Bartie
11888,Bary
11906,Baudelia
11912,Bayard
11920,Bear
11928,Beatrize
11936,Becka
11941,Bee
11952,Belia
11954,Belinda
11958,Bell
11959,Bella
11963,Bellina
11966,Belynda
11970,Benancio
11971,Benard
11990,Benjie
11999,Benny
12015,Berit
12017,Berke
12021,Berlin
12027,Bernadina
12030,Bernardette
12045,Bernita
12050,Berry
12051,Bert
12055,Berthe
12057,Bertie
12064,Berty
12065,Beryl
12069,Bessy
12078,Bethena
12079,Betheny
12081,Bethlehem
12091,Betteann
12098,Bettye
12102,Bev
12117,Bianka
12119,Bibby
12120,Bibbye
12124,Biddie
12130,Bijan
12140,Billye
12144,Bindi
12153,Bionca
12155,Bird
12166,Bladimir
12169,Blair
12171,Blaise
12177,Blanch
12186,Blaze
12201,Blossom
12206,Bobak
12216,Bobbye
12218,Bobette
12225,Boe
12234,Bonnee
12238,Bonnie
12244,Boris
12248,Bowman
12253,Brack
12258,Bradey
12259,Bradford
12262,Bradlee
12265,Bradon
12267,Brae
12268,Braeden
12271,Braiden
12277,Branda
12278,Brandace
12279,Brandais
12280,Brandalyn
12281,Brandalynn
12285,Brandee
12287,Brandelyn
12293,Brandie
12297,Brandilynn
12313,Brandye
12331,Brayan
12332,Brayden
12340,Breana
12342,Breane
12362,Breianna
12367,Brenae
12376,Brendin
12377,Brendon
12385,Brennan
12393,Brently
12400,Breonna
12403,Bretney
12408,Brettney
12414,Bria
12416,Brian
12417,Briana
12418,Brianca
12420,Briann
12421,Brianna
12430,Bridget
12436,Bridie
12449,Briget
12450,Brigett
12455,Brigid
12456,Brigida
12457,Brigit
12466,Brinkley
12468,Brinna
12470,Brint
12473,Brion
12476,Brionne
12481,Briston
12485,Britainy
12487,Britani
12488,Britanie
12494,Britiney
12498,Britnee
12504,Briton
12524,Britteny
12531,Brittnay
12542,Briza
12544,Brndon
12546,Broc
12547,Brocha
12550,Broddie
12551,Broddy
12554,Brodey
12559,Brogan
12563,Bronson
12568,Brooke
12569,Brookelyn
12573,Brooklyn
12574,Brooklynn
12575,Brooks
12576,Bruce
12582,Bruno
12603,Bryony
12604,Brysen
12622,Bunni
12624,Bunny
12629,Burl
12631,Burnell
12637,Butch
12641,Byram
12642,Byran
12643,Byrant
12646,Cacey
12656,Cady
12666,Cain
12672,Caitlen
12676,Caitrin
12684,Calder
12686,Cale
12689,Caleen
12692,Calen
12702,Calisha
12703,Calissa
12715,Callie
12717,Callista
12718,Callum
12719,Cally
12723,Calvin
12731,Camala
12739,Camdon
12740,Cameisha
12741,Camel
12742,Camela
12766,Cammy
12767,Campbell
12771,Camy
12773,Canaan
12777,Candance
12783,Candi
12787,Candice
12817,Caraline
12820,Cardell
12828,Carey
12836,Carilyn
12865,Carlette
12868,Carlie
12870,Carlina
12873,Carlis
12875,Carlise
12881,Carlo
12882,Carlon
12885,Carlotta
12886,Carlson
12887,Carlton
12888,Carlus
12891,Carlyle
12903,Carmelita
12911,Carmin
12914,Carmisha
12925,Carola
12929,Carole
12945,Carree
12954,Carrin
12962,Carson
12964,Carter
12971,Cary
12991,Caspar
12993,Cass
12997,Cassandre
13000,Cassaundra
13008,Cassidy
13016,Cat
13020,Catarino
13028,Catharine
13033,Catherine
13042,Cathlin
13049,Cathyleen
13052,Catina
13053,Catiria
13054,Catlaina
13057,Catlyn
13067,Caty
13068,Catya
13071,Cayce
13087,Ceasar
13095,Cecilia
13099,Cecillia
13104,Cederick
13106,Cedrick
13108,Ceilia
13109,Ceira
13110,Ceirra
13119,Celestia
13128,Celie
13139,Celso
13143,Cera
13145,Ceri
13152,Cerrissa
13159,Chablis
13160,Chace
13163,Chadd
13183,Chakita
13187,Chalese
13191,Chalmers
13195,Chamia
13199,Chan
13204,Chance
13217,Chandi
13223,Chane
13226,Chanel
13230,Chanequa
13239,Chanika
13240,Chaniqua
13244,Channah
13246,Channell
13251,Channon
13256,Chantae
13259,Chantalle
13261,Chante
13268,Chantha
13274,Chantrice
13277,Chao
13280,Chaquetta
13286,Chardai
13287,Charday
13292,Charee
13293,Charell
13294,Charelle
13300,Charil
13302,Charina
13305,Charisa
13307,Charish
13314,Chariti
13322,Charleen
13324,Charlena
13331,Charleton
13334,Charlette
13338,Charlina
13351,Charlton
13355,Charlynn
13363,Charmin
13370,Charnell
13373,Charnise
13383,Charyl
13385,Chasady
13393,Chasity
13397,Chassity
13400,Chastine
13403,Chasya
13419,Chauntelle
13423,Chavon
13437,Chealsey
13438,Chee
13443,Chelcee
13446,Chelcie
13459,Chelsey
13462,Chelsie
13465,Chemeka
13466,Chemere
13476,Chenille
13477,Chenin
13480,Chennell
13481,Chenoa
13488,Chereese
13492,Cherese
13495,Cheria
13499,Cherie
13501,Cherilyn
13506,Cherisa
13525,Cherrish
13530,Cherye
13535,Cherylee
13538,Cherylynn
13539,Cheskel
13543,Chessa
13553,Chevelle
13555,Chevon
13583,Chimera
13587,Chinda
13600,Chiquita
13604,Chirstopher
13611,Chitara
13612,Chivas
13626,Chriselda
13628,Chrishawn
13631,Chrisma
13637,Chrissy
13644,Christal
13648,Christana
13649,Christanna
13657,Christella
13660,Christena
13665,Christhoper
13667,Christia
13685,Christinna
13694,Christof
13697,Christoher
13698,Christohper
13699,Christol
13709,Christorpher
13710,Christos
13715,Christye
13719,Christyne
13722,Chritopher
13728,Chrysler
13731,Chryste
13739,Chuckie
13741,Chue
13747,Chyanne
13748,Chyla
13754,Ciarra
13757,Cicily
13767,Cilia
13776,Cinderella
13784,Cinthya
13786,Cipriano
13797,Claire
13799,Clancy
13800,Clara
13801,Clarabelle
13802,Clarance
13810,Clarey
13822,Clarivel
13834,Claudette
13838,Claudine
13847,Claybourne
13849,Clea
13865,Clenton
13867,Cleofas
13875,Cletus
13884,Clint
13890,Clo
13894,Clorissa
13896,Clover
13898,Clyde
13908,Codee
13910,Codi
13920,Cole
13925,Colene
13928,Colette
13931,Colisha
13941,Collis
13943,Collyn
13946,Colson
13948,Colten
13950,Colton
13957,Conan
13967,Connan
13974,Connor
13977,Conrad
13979,Conroy
13985,Constanta
13992,Consuela
14006,Coralia
14011,Corbett
14012,Corbin
14015,Cordale
14016,Corday
14017,Cordelia
14029,Coreena
14031,Coren
14033,Corenda
14035,Coretta
14042,Corie
14050,Corinne
14051,Corinthia
14052,Corinthian
14054,Coriss
14059,Corliss
14061,Cormac
14065,Cornel
14068,Cornelio
14069,Cornelious
14071,Cornell
14074,Cornellius
14076,Corney
14080,Correen
14081,Correna
14085,Corrie
14086,Corrin
14087,Corrina
14103,Cortnie
14108,Cory
14109,Corydon
14126,Courney
14127,Courntey
14140,Coury
14141,Coutney
14151,Creed
14160,Cressie
14161,Creston
14169,Criselda
14174,Crista
14182,Cristi
14190,Cristino
14193,Cristo
14199,Cristyn
14205,Crystalann
14214,Crystalyn
14221,Crystie
14224,Crystle
14226,Crytal
14236,Curt
14240,Curtiss
14257,Cydney
14271,Cynthea
14272,Cynthia
14280,Cyrene
14285,Cyrstal
14286,Cyrus
14295,Dacey
14301,Dael
14304,Daesha
14310,Dafina
14312,Dagan
14320,Daiel
14327,Daira
14332,Daisy
14342,Dala
14343,Dalaina
14347,Dale
14349,Dalen
14361,Dalisha
14362,Dallan
14367,Dallon
14369,Daloris
14374,Dam
14378,Damar
14386,Dameion
14397,Damiel
14405,Damond
14407,Damonica
14409,Damont
14413,Danae
14435,Danesa
14443,Dangelo
14460,Daniesha
14477,Dannah
14478,Danne
14480,Dannelle
14485,Danniel
14487,Danniella
14493,Danta
14496,Dante
14505,Danyeal
14506,Danyel
14515,Danylle
14523,Daphnee
14532,Darb
14558,Dariana
14579,Darlene
14583,Darly
14588,Darnelle
14589,Darnesha
14590,Darneshia
14595,Darra
14596,Darrah
14598,Darran
14599,Darrel
14601,Darrelle
14602,Darren
14610,Darrio
14611,Darrion
14618,Darroll
14621,Darry
14623,Darryle
14628,Darsie
14633,Daruis
14649,Dashaun
14652,Dashell
14657,Dashonda
14666,Datron
14673,Davaughn
14683,Davette
14686,Davia
14695,Davie
14696,Daviel
14706,Davit
14707,Davita
14708,Davon
14722,Dawayne
14724,Dawna
14734,Dawnyel
14735,Dawon
14736,Dawson
14743,Dayla
14750,Daymon
14762,Dayvon
14764,De
14766,Deacon
14772,Deandra
14776,Deandrew
14783,Deann
14786,Deanne
14788,Deanthony
14791,Dearl
14804,Debee
14812,Debralee
14815,Decarlo
14822,Dedric
14834,Deepa
14844,Deion
14867,Delane
14873,Delawrence
14875,Delbert
14877,Delcine
14886,Delia
14892,Delina
14895,Delisa
14900,Dell
14901,Della
14904,Delmar
14905,Delmas
14926,Delray
14932,Delvon
14935,Delyla
14937,Demar
14938,Demarco
14943,Demaris
14952,Demecia
14955,Demerius
14970,Demetrious
14974,Demetrus
14975,Demian
14987,Demone
14994,Demorris
14996,Dempsey
14997,Dena
14998,Denae
15001,Dene
15010,Denene
15011,Denese
15023,Denielle
15024,Deniesha
15053,Denton
15055,Deny
15063,Deondra
15077,Deontray
15078,Depaul
15084,Derak
15100,Dericka
15109,Derreck
15113,Derrelle
15120,Derrico
15121,Derrik
15131,Derryck
15137,Desa
15139,Desaray
15161,Deshawna
15166,Deshonna
15167,Deshun
15168,Deshunda
15175,Desiray
15180,Desirie
15196,Destin
15199,Destiney
15210,Deundra
15216,Devarus
15221,Devi
15223,Devin
15235,Devonn
15249,Dewan
15254,Dewayne
15258,Dewon
15274,Dezmond
15291,Diane
15295,Dianira
15296,Diann
15297,Dianna
15306,Didi
15308,Dido
15313,Diena
15314,Diera
15317,Diesha
15328,Dillon
15333,Dimitrios
15335,Dimitrius
15343,Dinesh
15347,Dinita
15351,Dino
15381,Divine
15389,Dmarcus
15401,Dodie
15412,Dolorita
15419,Domenick
15422,Domenik
15424,Dominee
15435,Dominigue
15447,Domonic
15459,Donavan
15468,Doneisha
15470,Donell
15471,Donella
15474,Doneshia
15476,Dong
15479,Donica
15480,Donicia
15482,Donielle
15504,Donnis
15515,Dontavis
15529,Donyell
15543,Doreen
15547,Dorelle
15554,Dori
15568,Dorissa
15569,Dorit
15582,Dorree
15587,Dorris
15589,Dorsey
15592,Dory
15599,Doua
15615,Dray
15626,Drey
15647,Duffie
15658,Dulcine
15660,Dulcy
15667,Dunstan
15669,Duong
15670,Dupree
15671,Duran
15686,Dustee
15694,Duston
15708,Dwana
15720,Dyane
15727,Dyna
15735,Dyson
15737,Dywane
15741,Eadie
15744,Eamon
15748,Earle
15756,Eartha
15761,Eather
15768,Ebenezer
15771,Ebone
15778,Ebony
15780,Echo
15787,Edd
15796,Edelmira
15799,Eder
15800,Edgar
15801,Edgard
15808,Edina
15809,Edison
15811,Edith
15816,Edlyn
15826,Edrick
15829,Eduard
15831,Edurdo
15837,Edwina
15859,Eilis
15864,Eira
15868,Eizabeth
15870,Ekaterina
15885,Elbertina
15889,Elchonon
15890,Elda
15894,Eldra
15895,Eldred
15903,Eleasha
15905,Elecia
15910,Eleesha
15912,Eleisha
15931,Elga
15932,Elgin
15937,Eliana
15941,Elias
15947,Elicia
15952,Eliesha
15953,Eliezer
15963,Elinor
15964,Elinore
15970,Elisabel
15973,Elisabetta
15974,Elisah
15986,Elita
15990,Eliz
15992,Elizabath
15995,Elizabeth
15997,Elizabethanne
16000,Elizbeth
16001,Elizebeth
16007,Elladine
16017,Ellie
16021,Ellisa
16023,Ellisha
16034,Elmira
16035,Elmo
16041,Elodia
16046,Elonda
16057,Else
16063,Elson
16065,Elston
16081,Ely
16082,Elya
16083,Elyce
16087,Elysabeth
16090,Elysha
16093,Elysse
16098,Emad
16099,Emalee
16102,Emanual
16107,Emeka
16110,Emelie
16111,Emelina
16112,Emeline
16116,Emera
16120,Emi
16123,Emil
16133,Emiline
16136,Emilly
16137,Emily
16138,Emilyann
16142,Emlyn
16146,Emmalee
16151,Emmanual
16154,Emmanuell
16158,Emmeline
16159,Emmery
16162,Emmey
16169,Emmy
16173,Emory
16176,Emyle
16181,Endia
16189,Engelbert
16190,Englebart
16228,Era
16229,Eran
16232,Erastus
16233,Ercia
16237,Eren
16241,Erez
16245,Eria
16257,Erickson
16266,Erin
16270,Erinna
16272,Eris
16275,Erl
16284,Erminie
16289,Ernesta
16290,Ernestina
16305,Errol
16313,Erving
16318,Eryn
16319,Erynn
16321,Esdras
16325,Esi
16331,Esmeralda
16335,Esperanza
16354,Estella
16360,Esteven
16364,Estrella
16369,Ethel
16370,Ethelbert
16378,Ethyl
16381,Etoya
16393,Eugenio
16395,Eugine
16398,Eulalie
16402,Eun
16404,Eunique
16405,Euphemia
16406,Eureka
16414,Evalina
16423,Evangeline
16424,Evangelos
16439,Evelyn
16443,Ever
16449,Everson
16452,Evertt
16454,Evetta
16457,Evie
16475,Eytan
16476,Ez
16481,Ezequiel
16485,Fabian
16492,Fabrice
16495,Fadi
16496,Fady
16502,Faige
16525,Falon
16526,Falyn
16534,Fania
16536,Fannie
16538,Fantasia
16548,Farid
16551,Farley
16553,Farooq
16559,Farren
16562,Farryn
16563,Farshad
16564,Faryn
16587,Fawn
16600,Feather
16605,Feige
16606,Feigy
16612,Felicdad
16616,Feliciana
16619,Felicita
16622,Felicle
16626,Felisa
16633,Feliza
16638,Fenton
16642,Ferdie
16644,Ferdinanda
16648,Ferguson
16649,Ferinand
16652,Fermin
16658,Fernandina
16661,Ferrell
16663,Fey
16675,Filberto
16679,Filicia
16681,Filip
16682,Filipe
16685,Filmore
16704,Fleming
16708,Fleur
16710,Flicia
16720,Florella
16723,Florencio
16725,Florentina
16727,Florenza
16728,Florette
16731,Florian
16745,Flossy
16752,Fonda
16754,Fons
16763,Forrester
16766,Fortuna
16771,Fotis
16772,Foua
16773,Fowler
16780,Francelia
16782,Frances
16784,Francesca
16806,Frank
16817,Fransico
16824,Frazier
16826,Freda
16838,Frederik
16841,Fredia
16843,Fredie
16856,Freemon
16857,Freida
16861,Frida
16871,Froylan
16876,Fulvia
16877,Fuquan
16889,Gabreil
16896,Gabriella
16916,Galvin
16921,Gao
16923,Garan
16924,Garbiel
16937,Garey
16938,Garfield
16943,Garner
16944,Garnet
16949,Garon
16954,Garrett
16967,Garvy
16968,Garwin
16973,Gaspare
16980,Gav
17006,Geffery
17012,Gemma
17014,Gena
17034,Genevie
17037,Genia
17044,Genise
17062,Geoffrey
17070,Georgeann
17071,Georgeanna
17078,Georgia
17079,Georgiamay
17092,Geovany
17104,Gerard
17113,Gerhardine
17116,Gerianna
17138,Gerrick
17149,Gerta
17151,Gertie
17159,Gia
17171,Gianpaolo
17175,Gibran
17177,Gideon
17179,Giff
17186,Gil
17187,Gila
17205,Gillie
17220,Ginni
17223,Ginny
17225,Giordano
17230,Giovani
17231,Giovanna
17234,Giovanny
17238,Girard
17242,Gisela
17244,Gisell
17245,Gisella
17250,Gita
17253,Giuditta
17254,Giulia
17259,Giuseppina
17260,Giustina
17270,Glenda
17275,Glenisha
17278,Glennie
17282,Glenwood
17283,Glinda
17284,Glori
17289,Glorimar
17294,Glynis
17307,Godwin
17314,Goldie
17316,Goldy
17318,Gomer
17321,Goober
17323,Gordan
17327,Gorje
17340,Grahm
17347,Gratiana
17348,Gray
17357,Gredel
17369,Greogry
17371,Gretal
17377,Gretta
17389,Grisell
17390,Griselle
17392,Griswold
17402,Guglielma
17409,Guillermo
17413,Gullermo
17415,Gunilla
17418,Gunter
17422,Gus
17425,Gussie
17432,Gustavus
17433,Gusti
17441,Gwen
17452,Gwenni
17455,Gwenora
17456,Gwenore
17466,Habiba
17480,Hagen
17494,Hal
17514,Hallee
17523,Ham
17544,Hanford
17555,Hannibal
17574,Harlan
17575,Harland
17576,Harlen
17588,Harold
17589,Haroon
17591,Harper
17597,Harriett
17598,Harrietta
17610,Harvard
17617,Hasheem
17620,Hasina
17624,Hassen
17645,Hayli
17646,Haylie
17648,Hayward
17649,Haywood
17663,Heda
17665,Heddi
17668,Hedvig
17671,Hedwiga
17673,Heena
17688,Helena
17694,Helise
17696,Hellena
17704,Henderson
17718,Henrietta
17732,Hercule
17741,Hermes
17744,Hermina
17745,Hermine
17751,Hernan
17755,Heron
17758,Hersch
17762,Hershel
17765,Hertha
17778,Hew
17782,Hewie
17783,Hewitt
17785,Heywood
17786,Hezekiah
17790,Hiep
17791,Hieu
17797,Hilario
17798,Hilary
17799,Hilbert
17806,Hildy
17812,Hillary
17818,Hina
17819,Hinda
17820,Hindy
17830,Hitesh
17839,Hoda
17845,Hollee
17850,Holly
17854,Hollye
17858,Homar
17864,Honor
17873,Horatius
17877,Hortensia
17880,Houa
17881,Houston
17899,Huma
17923,Hyacinth
17924,Hyacintha
17935,Hyun
17939,Ian
17941,Ianna
17943,Iasha
17944,Iban
17948,Ibn
17956,Ida
17957,Idalia
17963,Idella
17965,Idette
17973,Ieshia
17986,Iisha
17999,Ikisha
18006,Ilea
18019,Illana
18023,Ilsa
18034,Immanuel
18037,Imojean
18047,Indra
18048,Indria
18049,Indya
18052,Inesita
18056,Inga
18057,Ingaberg
18069,Ingrid
18071,Inigo
18079,Iolanthe
18080,Iona
18082,Iosif
18084,Iraida
18090,Irene
18092,Irina
18104,Isaac
18105,Isaak
18130,Ishah
18142,Islam
18153,Issa
18162,Italia
18164,Itzia
18181,Ivis
18183,Ivone
18186,Ivori
18187,Ivorie
18190,Iwalani
18193,Iyesha
18208,Jabe
18209,Jabez
18227,Jacinda
18229,Jacintha
18233,Jackalyn
18237,Jackeline
18246,Jacklin
18248,Jacklyn
18251,Jackqueline
18259,Jaclynn
18272,Jacorey
18276,Jacqualin
18280,Jacque
18284,Jacquelina
18289,Jacquelynn
18296,Jacquette
18297,Jacquez
18299,Jacquia
18303,Jacquise
18330,Jafar
18333,Jahan
18347,Jai
18352,Jaimee
18357,Jaina
18364,Jaisen
18373,Jakia
18379,Jalal
18381,Jalayne
18385,Jalene
18390,Jalonda
18392,Jalynn
18393,Jama
18401,Jamaine
18403,Jamala
18407,Jamar
18420,Jamaul
18422,Jame
18430,Jameelah
18446,Jamen
18451,Jamerson
18465,Jamez
18473,Jamicheal
18475,Jamiee
18476,Jamiel
18492,Jamilyn
18502,Jamise
18504,Jamison
18512,Jamond
18523,Janah
18526,Janalee
18532,Janaya
18547,Janeice
18568,Janet
18570,Janeth
18571,Janett
18576,Jani
18581,Janiece
18597,Janith
18599,Janka
18604,Jannah
18622,Janson
18629,Japheth
18636,Jaqueline
18642,Jaquette
18646,Jaquita
18649,Jaquline
18657,Jared
18658,Jaree
18669,Jarica
18671,Jarin
18672,Jaris
18690,Jarred
18701,Jarrod
18704,Jaruis
18706,Jaryd
18719,Jasin
18720,Jasine
18726,Jasman
18729,Jasmin
18730,Jasmina
18734,Jasmyne
18737,Jasper
18740,Jasson
18758,Javed
18762,Javian
18767,Javon
18768,Javonda
18779,Jawann
18791,Jaycie
18793,Jayda
18800,Jayleen
18805,Jaylynn
18806,Jayma
18810,Jaymes
18830,Jazmin
18832,Jazmon
18839,Jazzmin
18840,Jazzmine
18843,Jc
18846,Jean-Christophe
18848,Jean-Lou
18851,Jean-Paul
18857,Jeanee
18864,Jeanetta
18876,Jeannea
18885,Jeanpaul
18897,Jeena
18898,Jef
18900,Jefferey
18908,Jeffrie
18912,Jehan
18919,Jelena
18921,Jelisa
18926,Jemarcus
18928,Jemeka
18929,Jemel
18931,Jemia
18932,Jemie
18936,Jemmie
18945,Jenalee
18960,Jenelle
18962,Jenesa
18967,Jenetta
18968,Jenette
18975,Jenie
18979,Jenika
18986,Jenisha
18988,Jenn
18992,Jennah
18995,Jennalynn
18997,Jennee
19001,Jennelle
19003,Jennett
19013,Jennife
19018,Jennifermarie
19038,Jentry
19039,Jeny
19040,Jeoffrey
19044,Jerad
19045,Jerae
19047,Jeraldine
19063,Jerel
19064,Jerell
19072,Jeremian
19080,Jeri
19086,Jerid
19089,Jerika
19096,Jerimy
19104,Jermane
19106,Jermany
19111,Jermel
19119,Jermine
19121,Jermond
19129,Jeromi
19136,Jeronimo
19137,Jerra
19140,Jerrald
19152,Jerrica
19156,Jerrie
19157,Jerrilee
19165,Jerrome
19187,Jesie
19193,Jessalin
19194,Jessalyn
19198,Jessamyn
19199,Jesscia
19203,Jesseka
19204,Jesselee
19205,Jesselyn
19215,Jessicalynn
19220,Jessie
19223,Jessilyn
19225,Jesslyn
19229,Jessye
19232,Jestina
19249,Jezabel
19254,Jhoanna
19264,Jilian
19273,Jilli
19275,Jilliam
19280,Jillien
19281,Jillienne
19282,Jillmarie
19284,Jillyan
19288,Jimell
19293,Jimmy
19307,Jo Ann
19309,Jo-Anne
19313,Joan
19314,Joana
19316,Joane
19319,Joanie
19323,Joanne
19328,Joao
19329,Joaquim
19330,Joaquin
19334,Job
19336,Jobeth
19338,Jobi
19342,Jobye
19347,Jocelyne
19349,Jock
19351,Jocob
19357,Jody
19360,Joeanna
19362,Joel
19364,Joelene
19380,Joetta
19387,Johann
19393,Johathan
19399,Johna
19402,Johnanthan
19415,Johndavid
19417,Johnelle
19430,Johnita
19433,Johnmichael
19435,Johnna
19437,Johnnell
19447,Johnson
19451,Johnthomas
19453,Johny
19457,Joia
19458,Joice
19463,Jolanta
19468,Jolena
19475,Joline
19480,Jolyn
19482,Jomar
19489,Jonahtan
19495,Jonathen
19497,Jondavid
19501,Jonell
19518,Jonn
19519,Jonna
19521,Jonnell
19532,Jonte
19540,Jordain
19565,Jorrie
19570,Joscelin
19571,Joscelyn
19572,Josclyn
19576,Josecarlos
19580,Josefa
19589,Joseluis
19599,Josette
19600,Josey
19611,Joshu
19626,Josie
19637,Jossue
19647,Jousha
19661,Jovon
19666,Jowanna
19668,Joya
19672,Joyanne
19684,Jozette
19688,Jssica
19698,Juanita
19703,Juante
19711,Judea
19714,Judie
19717,Juditha
19720,Judye
19726,Julee
19731,Julia
19734,Juliane
19735,Juliann
19742,Julien
19744,Julienne
19745,Juliet
19755,Julissa
19760,Juluis
19761,July
19765,Junaid
19774,Junious
19776,Junita
19784,Jushua
19788,Justeen
19792,Justice
19796,Justinn
19805,Justyne
19806,Juvenal
19808,Juventino
19810,Juwanda
19811,Jvon
19827,Kadee
19828,Kadeidra
19833,Kadin
19838,Kaelah
19846,Kaelynn
19852,Kahlil
19877,Kaisa
19895,Kal
19899,Kalana
19902,Kale
19903,Kalea
19906,Kalee
19907,Kaleem
19912,Kalem
19916,Kalenna
19921,Kalia
19939,Kallan
19955,Kama
19956,Kamaal
19961,Kamaria
19962,Kamau
19963,Kamber
19970,Kameko
19971,Kamel
19974,Kameron
19988,Kamille
19993,Kammie
19999,Kana
20015,Kandy
20016,Kandyce
20018,Kaneesha
20020,Kanesha
20022,Kanetha
20037,Kaprice
20042,Karaline
20043,Karalyn
20046,Kare
20054,Karema
20059,Karene
20060,Karesha
20068,Karil
20069,Karilee
20070,Karilyn
20077,Karina
20082,Kariotta
20083,Karis
20084,Karisa
20087,Karisma
20089,Karista
20093,Karla
20097,Karleigh
20107,Karlisa
20108,Karlisha
20110,Karlo
20111,Karlon
20123,Karmyn
20125,Karne
20127,Karola
20128,Karole
20129,Karolina
20139,Karriem
20145,Karson
20146,Karsten
20149,Kartik
20151,Kary
20155,Karyna
20165,Kashaun
20171,Kashif
20172,Kashina
20176,Kashonna
20177,Kasi
20190,Kassia
20200,Kata
20202,Katalina
20208,Kate
20209,Katee
20213,Katelin
20224,Katessa
20231,Katharyn
20232,Kathe
20233,Katheleen
20246,Kathlene
20258,Kathy
20263,Kati
20270,Katiejo
20276,Katinka
20279,Katisha
20280,Katja
20284,Katlynn
20289,Katrece
20294,Katri
20304,Katryn
20306,Katti
20312,Katusha
20316,Kavan
20327,Kawika
20336,Kaydee
20346,Kayleen
20351,Kayley
20356,Kaylin
20359,Kaylor
20360,Kaylyn
20368,Kaysha
20370,Kaysi
20373,Kayti
20375,Kaytlin
20376,Kaytlyn
20381,Keah
20384,Kealani
20387,Keana
20401,Keauna
20402,Keaundra
20403,Kecia
20410,Keefe
20416,Keelia
20419,Keely
20422,Keenan
20426,Keera
20427,Kees
20431,Keevin
20442,Keidra
20444,Keil
20454,Keisa
20455,Keisha
20475,Keldrick
20478,Keleigh
20482,Kelin
20485,Kelita
20487,Kelle
20498,Kellianne
20501,Kellin
20522,Kelsie
20524,Kelton
20535,Kemia
20537,Kemper
20541,Kenan
20575,Kenetra
20584,Kenith
20588,Kenley
20591,Kennan
20600,Kennethia
20604,Kenni
20609,Kennita
20613,Kenny
20616,Kenon
20625,Kenta
20627,Kenton
20629,Kentrell
20635,Kenyarda
20662,Kerbi
20671,Keric
20675,Kerisha
20676,Kerissa
20677,Kerline
20684,Kerriann
20697,Kerwin
20701,Kesha
20702,Keshana
20709,Kessa
20710,Kessia
20711,Kessiah
20716,Ketra
20717,Ketrina
20727,Keven
20728,Kevi
20737,Kewanna
20745,Keyauna
20746,Keyetta
20753,Keyonda
20754,Keyondra
20778,Khalif
20782,Khalisha
20784,Khandi
20786,Khanh
20791,Khia
20795,Khoi
20797,Khristen
20803,Khrystal
20822,Kiele
20833,Kiersten
20835,Kierston
20836,Kiesha
20840,Kiffany
20846,Kiki
20849,Kile
20852,Kiley
20855,Kima
20856,Kimanh
20863,Kimberle
20866,Kimberley
20877,Kimbrly
20878,Kimerly
20886,Kimmie
20888,Kimmy
20892,Kimyatta
20898,Kinda
20899,Kindal
20902,Kindell
20907,Kinesha
20908,Kineta
20919,Kinyata
20922,Kinzie
20928,Kiplin
20935,Kirbi
20943,Kirra
20944,Kirstan
20962,Kissiah
20967,Kitt
20976,Kiyoko
20977,Kiyomi
20983,Kjersten
20994,Klint
20999,Ko
21002,Koda
21010,Kojo
21011,Kolbi
21031,Koo
21053,Koron
21054,Korrey
21062,Kortnee
21064,Kortni
21070,Kosta
21083,Kreg
21084,Kregg
21102,Krissi
21104,Krissy
21106,Kristain
21111,Kriste
21113,Kristeen
21116,Kristelle
21118,Kristena
21138,Kristofer
21143,Kriston
21149,Kristylee
21152,Kristyne
21157,Krystal
21163,Krystalynn
21164,Krystan
21167,Krysteena
21174,Krystil
21176,Krystina
21177,Krystine
21181,Krystol
21188,Kula
21189,Kule
21191,Kumiko
21205,Kwesi
21215,Kyera
21225,Kylea
21237,Kylynn
21238,Kym
21241,Kymberley
21246,Kyndal
21248,Kyndel
21250,Kynthia
21251,Kyoko
21255,Kyra
21258,Kyria
21259,Kyriakos
21266,Kyson
21267,Kystal
21268,La
21290,Lacinda
21294,Lacorey
21296,Lacosta
21301,Lacresha
21303,Lacresia
21312,Ladanna
21314,Ladarious
21316,Ladarius
21319,Ladarryl
21320,Ladawn
21327,Laderrick
21336,Laesha
21343,Laguan
21350,Laila
21351,Lailani
21352,Laina
21358,Laisha
21376,Lakeesha
21401,Lakevia
21403,Lakeyia
21406,Lakiesha
21414,Lakita
21423,Lalita
21426,Lamanda
21435,Lamb
21443,Lamia
21447,Lamon
21452,Lamont
21454,Lamorris
21462,Lancelot
21472,Landra
21473,Landria
21476,Lane
21482,Laneka
21488,Lanetta
21511,Lao
21520,Lapria
21525,Laquanna
21526,Laquanta
21533,Laquesha
21535,Laqueta
21538,Laquia
21549,Laquista
21554,Laquonda
21572,Laresa
21580,Larico
21585,Larisa
21588,Larita
21600,Larren
21601,Larrisa
21606,Larson
21607,Larua
21609,Laruen
21610,Lary
21615,Lasandra
21616,Lasasha
21617,Lasaundra
21620,Lashae
21634,Lashaunda
21645,Lashaya
21653,Lashelle
21659,Lashonda
21665,Lashuna
21666,Lashunda
21668,Lashunna
21681,Latarra
21686,Latausha
21696,Lateisha
21697,Lateka
21701,Laterrance
21702,Laterria
21705,Latese
21713,Lathisa
21716,Laticia
21723,Latina
21739,Latonja
21741,Latora
21744,Latorie
21757,Latravia
21765,Latrena
21769,Latresha
21770,Latressa
21772,Latrica
21781,Latroy
21789,Lauraann
21793,Laural
21797,Laurann
21804,Lauren
21820,Laurien
21839,Lavelle
21843,Lavera
21844,Lavern
21847,Laveta
21849,Lavette
21858,Lavonia
21863,Lavra
21869,Lawerence
21880,Laycie
21885,Laysa
21889,Lazar
21894,Lazer
21899,Leaann
21916,Leanna
21918,Leanor
21937,Leeandra
21949,Leesha
21952,Lefty
21957,Lehua
21959,Leia
21967,Leighanna
21969,Leighton
21973,Leilani
21977,Leisha
21980,Lejon
21981,Lekeisha
21990,Lela
21995,Lelsie
21997,Lemar
22000,Lemarr
22008,Lenamarie
22019,Lenin
22022,Lenita
22028,Lennis
22030,Lennox
22031,Lenny
22040,Leo
22046,Leon
22049,Leonard
22060,Leonhard
22062,Leonidas
22067,Leonor
22068,Leonora
22077,Leorah
22082,Lequita
22085,Leron
22091,Lesette
22097,Leshea
22102,Leslee
22104,Lesley
22106,Lesleyanne
22121,Letesha
22139,Letta
22140,Letti
22141,Letticia
22152,Levina
22153,Levis
22157,Levy
22170,Lezli
22182,Liat
22185,Libbey
22187,Libbie
22189,Liberty
22198,Lidia
22202,Lieren
22204,Liesa
22208,Ligia
22211,Lila
22217,Liliana
22224,Lilli
22229,Lilliane
22230,Lillianna
22248,Linde
22252,Lindey
22255,Lindon
22262,Lindsy
22283,Linsay
22284,Linsday
22286,Linsey
22289,Linton
22290,Linus
22292,Linzey
22297,Lional
22298,Lionel
22306,Lisaann
22316,Lisett
22331,Lissy
22335,Lititia
22338,Liv
22347,Lizabeth
22351,Lizbet
22361,Lizzett
22364,Lizzy
22367,Lloyd
22377,Loise
22384,Lon
22385,Lona
22392,Long
22400,Lonzo
22401,Lopaka
22404,Lorah
22407,Loralee
22416,Lorean
22422,Lorelei
22432,Lorenso
22435,Lorenzo
22441,Loria
22447,Lorie
22454,Lorimar
22462,Lorn
22463,Lorna
22464,Lorne
22467,Lorraine
22482,Lotti
22495,Loutitia
22496,Louvenia
22499,Lovely
22501,Lovette
22502,Lovey
22520,Lucan
22526,Luci
22527,Lucia
22532,Lucie
22538,Lucille
22540,Lucinda
22542,Lucio
22550,Lucus
22556,Ludwig
22558,Luella
22562,Luis
22566,Luisanna
22567,Luiscarlos
22569,Luismiguel
22574,Lukus
22578,Luna
22582,Lura
22585,Lurette
22586,Lurleen
22588,Lurline
22595,Luvenia
22600,Lyda
22602,Lydia
22604,Lydon
22608,Lyman
22618,Lyndell
22626,Lyndsee
22640,Lynise
22649,Lynnelle
22652,Lynnetta
22662,Lynzi
22676,Maari
22679,Mabelle
22695,Macio
22696,Mack
22702,Macy
22703,Mada
22705,Madalena
22710,Maddie
22711,Maddison
22722,Madelle
22742,Maegen
22753,Magdalena
22754,Magdalene
22756,Magdalyn
22758,Magdiel
22761,Maggi
22764,Maghan
22767,Magin
22771,Magnus
22787,Mahogony
22793,Maida
22801,Maila
22804,Mair
22806,Maire
22807,Mairead
22814,Maitilde
22818,Major
22824,Makeba
22830,Makenzie
22836,Makinzie
22845,Malaka
22854,Malea
22855,Maleah
22857,Malee
22864,Malessa
22866,Mali
22874,Malinda
22902,Maly
22903,Malynda
22904,Mame
22909,Manan
22915,Mandie
22924,Manna
22932,Mansour
22934,Manual
22937,Manuella
22939,Mao
22953,Marcanthony
22954,Marcas
22960,Marcelina
22970,Marcellus
22977,Marchella
22982,Marcia
22987,Marcille
22997,Mare
22998,Mareah
23013,Marga
23021,Margaretha
23025,Margarette
23026,Margarita
23039,Marglerite
23049,Margulia
23054,Mariachristina
23056,Mariadel
23057,Mariadelaluz
23061,Mariah
23078,Maribelle
23082,Marice
23083,Maricel
23089,Maricruz
23092,Marie
23094,Marie-Jeanne
23097,Mariejeanne
23098,Marieke
23099,Mariel
23100,Mariela
23103,Mariella
23111,Marigold
23112,Marija
23115,Marika
23118,Marilena
23121,Marillin
23122,Marilou
23140,Marisel
23144,Marisia
23150,Marita
23156,Marivel
23166,Marjon
23168,Marjory
23173,Markanthony
23181,Markeia
23182,Markeis
23190,Markelle
23198,Markeya
23199,Markeyta
23200,Marki
23207,Markis
23209,Markisha
23214,Markus
23217,Marlana
23221,Marlayna
23223,Marlea
23226,Marleen
23231,Marlene
23235,Marli
23239,Marlina
23245,Marlissa
23248,Marlos
23249,Marlow
23255,Marmaduke
23263,Marnia
23270,Marquasha
23275,Marquell
23283,Marqueshia
23285,Marquetta
23294,Marquis
23302,Marqus
23303,Marranda
23307,Marrisa
23315,Marshal
23319,Marsheena
23322,Marshia
23328,Martavious
23342,Martia
23343,Martica
23363,Marva
23366,Marvell
23373,Marwa
23374,Marwan
23375,Marwin
23381,Maryann
23384,Marybel
23389,Maryclaire
23396,Marygrace
23398,Maryia
23400,Maryjo
23406,Maryland
23416,Marymargaret
23426,Mashell
23442,Mathias
23447,Matia
23449,Matilda
23451,Matisha
23458,Matthaeus
23477,Matty
23487,Mauria
23492,Maurie
23495,Maurio
23496,Maurisa
23499,Maurissa
23509,Mavra
23510,Max
23519,Maximilien
23521,Maximino
23530,Maya
23536,Mayer
23541,Mayleen
23553,Mayte
23558,Mber
23559,Mcarthur
23560,Mccall
23561,Mccoy
23567,Mckenzie
23569,Mckinsey
23582,Meah
23607,Meggi
23611,Megha
23618,Meghen
23651,Melana
23662,Melchizedek
23679,Melinde
23685,Melisha
23698,Mellanie
23700,Mellicent
23701,Mellie
23719,Melton
23728,Memory
23733,Mendi
23734,Mendie
23753,Merell
23757,Merica
23759,Meridel
23760,Merideth
23763,Merilee
23767,Meris
23776,Merline
23785,Merridie
23792,Merrili
23795,Merrissa
23798,Mersey
23799,Merton
23807,Mesha
23808,Meshach
23810,Meshell
23813,Messiah
23815,Metta
23818,Mi
23830,Mical
23840,Michaela
23844,Michaele
23858,Michala
23867,Michelangelo
23882,Mickaela
23884,Mickayla
23889,Micki
23904,Miguela
23906,Miguelita
23910,Mikael
23919,Mikea
23926,Mikella
23935,Miki
23940,Mikka
23945,Mikos
23946,Mil
23947,Mila
23950,Milam
23967,Miller
23968,Milli
23980,Milzie
23981,Mimi
23983,Mina
23999,Minnie
24000,Minnnie
24003,Miof Mela
24019,Mireya
24022,Miriam
24024,Mirilla
24029,Miroslava
24030,Mirra
24033,Mirtha
24035,Mirza
24038,Mischa
24049,Mistie
24050,Mistina
24051,Misty
24072,Modesty
24073,Moe
24076,Mohammad
24077,Mohammed
24079,Mohit
24081,Moina
24085,Moishe
24093,Mommy
24105,Moneisha
24109,Monette
24110,Monic
24115,Monifa
24117,Monik
24118,Monika
24126,Montae
24136,Montell
24137,Montey
24148,Montrelle
24151,Monty
24153,Moore
24157,Moranda
24162,Morgaine
24166,Morgann
24173,Morio
24192,Mose
24195,Moshe
24200,Moyna
24203,Mozelle
24208,Mugsy
24209,Muhamed
24215,Munir
24230,Mustafa
24232,Mya
24237,Mycheal
24238,Myda
24239,Myeasha
24240,Myeisha
24245,Myiesha
24248,Myka
24249,Mykah
24269,Myranda
24272,Myriah
24289,Mystique
24305,Nadeen
24318,Nadiyah
24319,Nadja
24322,Naeem
24328,Naftali
24332,Nahshon
24346,Nairy
24350,Najah
24355,Najma
24372,Nakia
24377,Nakima
24384,Nalee
24386,Nallely
24398,Nancy
24402,Nanette
24403,Nani
24413,Naoma
24426,Nari
24427,Naria
24443,Nasia
24449,Nastasha
24465,Natalie
24469,Nataly
24470,Natalya
24473,Natanael
24481,Natashia
24489,Nateasha
24490,Natesha
24492,Natessa
24498,Nathaly
24503,Nathanel
24519,Natisha
24524,Natonya
24526,Natoshia
24530,Natty
24531,Naudia
24541,Navy
24542,Nawal
24543,Nayda
24550,Nazish
24551,Ncole
24555,Neala
24558,Nealon
24561,Nechama
24564,Necole
24577,Neema
24590,Neha
24605,Nekeisha
24613,Nelda
24615,Nelida
24619,Nella
24639,Neron
24643,Nerti
24666,Neveen
24667,Nevil
24674,Newman
24687,Nhi
24689,Nhu
24701,Nichael
24702,Nichalas
24709,Nichlous
24710,Nichoal
24715,Nicholad
24721,Nicholette
24736,Nickey
24753,Nicle
24761,Nicolai
24770,Nicoli
24783,Niel
24784,Niels
24787,Nieshia
24792,Nijah
24803,Nikeshia
24823,Niklas
24831,Nikolaus
24838,Nil
24846,Nilson
24848,Nimesh
24851,Ninamarie
24869,Nishan
24883,Niven
24902,Nochum
24903,Nocole
24912,Noellyn
24918,Nohealani
24921,Nolan
24924,Nolberto
24926,Nolie
24929,Nona
24931,Noni
24935,Noor
24944,Norene
24947,Norina
24952,Norma
24953,Normajean
24954,Norman
24955,Normand
24966,Norwood
24982,Nyah
24995,Nykia
25000,Nyoka
25006,Nzinga
25011,Obdulio
25012,Obed
25013,Oberon
25014,Obert
25016,Obinna
25024,Octavian
25025,Octaviano
25029,Octavius
25033,Odelia
25040,Odette
25041,Odie
25042,Odilia
25048,Ofelia
25049,Ofella
25050,Ofilia
25051,Ogden
25055,Olabode
25057,Olag
25061,Olanrewaju
25063,Olawale
25071,Olimpia
25074,Olive
25077,Olivia
25086,Olufemi
25093,Olympia
25096,Omair
25099,Omara
25100,Omari
25114,Oneal
25131,Opalina
25138,Oral
25157,Oriana
25158,Orie
25160,Orion
25171,Orsola
25178,Osama
25192,Oskar
25197,Ossie
25218,Ottis
25219,Otto
25223,Oziel
25224,Ozzie
25230,Paco
25237,Page
25249,Pamella
25253,Pammy
25254,Panagiota
25257,Panayiotis
25259,Pang
25276,Parker
25277,Parks
25284,Parth
25303,Paton
25305,Patrece
25316,Patrik
25319,Patrisia
25321,Patsy
25337,Paulina
25340,Paulita
25346,Pavia
25347,Pavielle
25349,Pawel
25356,Pearce
25361,Pearline
25366,Peg
25372,Peirce
25379,Penn
25384,Penrod
25386,Pepe
25393,Per
25401,Peria
25413,Persis
25417,Peta
25423,Petr
25435,Phallon
25448,Philbert
25451,Philip
25459,Phillida
25462,Phillipe
25467,Philly
25468,Philomena
25474,Phong
25476,Phu
25481,Phylicia
25489,Pia
25495,Pierre
25497,Piers
25505,Pinar
25511,Piotr
25517,Placido
25523,Pooja
25525,Poppy
25529,Porcia
25548,Prashant
25551,Pratima
25554,Preethi
25587,Prisma
25596,Prudencio
25599,Prue
25605,Puff
25617,Quanah
25626,Quanita
25633,Quantisha
25645,Quenesha
25653,Quentina
25656,Querida
25658,Quiana
25659,Quianna
25662,Quigly
25664,Quill
25673,Quinette
25677,Quinn
25678,Quinnita
25681,Quintana
25686,Quinten
25701,Quoc
25706,Quyen
25722,Rachele
25726,Rachiel
25733,Radcliffe
25750,Raena
25754,Rafa
25762,Raffaele
25764,Raffinee
25769,Ragina
25776,Raheel
25784,Rahmel
25787,Rahsaan
25792,Rain
25800,Rainy
25808,Rajah
25811,Rajeev
25812,Rajesh
25816,Rakeem
25827,Ralphael
25837,Ramel
25843,Ramia
25844,Ramie
25845,Ramin
25860,Ramsey
25861,Ramy
25866,Ranae
25874,Randale
25888,Randon
25892,Raneisha
25904,Ranisha
25905,Ranita
25907,Rankin
25917,Rapheal
25918,Raphel
25919,Raquel
25921,Raquell
25932,Rashan
25935,Rashanna
25948,Rasheeda
25951,Rasheen
25965,Rashmi
25980,Raven
26006,Raylynn
26007,Raymar
26008,Raymon
26015,Rayn
26036,Rayvon
26041,Ream
26043,Reann
26044,Reanna
26051,Rebbie
26061,Rebekah
26068,Recardo
26080,Reed
26090,Refugio
26092,Regan
26094,Regena
26105,Reginauld
26117,Reilly
26120,Reine
26131,Rem
26137,Remington
26143,Rena
26149,Renard
26150,Renardo
26162,Renea
26163,Renecia
26167,Renel
26171,Renessa
26173,Renetta
26175,Renia
26176,Renie
26186,Reno
26187,Renso
26188,Renzo
26200,Retha
26212,Rex
26213,Rexford
26216,Reymundo
26220,Reynard
26222,Reynold
26228,Rhawnie
26230,Rheana
26231,Rheanna
26236,Rhen
26240,Rhett
26243,Rhian
26244,Rhiana
26246,Rhiannan
26255,Rhonda
26256,Rhondalyn
26261,Riana
26268,Ric
26270,Ricahrd
26271,Ricard
26275,Ricci
26280,Richael
26282,Richar
26291,Richmond
26300,Rickey
26307,Ricquita
26321,Riley
26323,Rina
26324,Rinaldo
26328,Rio
26338,Ristin
26340,Ritch
26348,Rivalee
26349,Rivi
26354,Riyad
26361,Robb
26374,Robertlee
26376,Robertson
26379,Robie
26382,Robinet
26384,Robinetta
26388,Robrt
26391,Robyne
26396,Roche
26397,Rocheal
26406,Rock
26411,Rockwell
26427,Rodi
26433,Rodolph
26442,Rodriguez
26443,Rodrigus
26456,Rohini
26459,Roice
26463,Rola
26466,Rolanda
26478,Rolondo
26483,Romale
26486,Romanda
26487,Romar
26493,Romeo
26498,Rommy
26502,Romona
26520,Rondall
26521,Rondalyn
26536,Ronette
26541,Ronika
26542,Ronique
26544,Ronit
26557,Ronnita
26565,Roobbie
26566,Roopa
26570,Rori
26572,Rory
26576,Rosabella
26585,Rosalind
26594,Rosamaria
26600,Rosanna
26606,Roscoe
26610,Roseanne
26612,Roselia
26624,Rosemonde
26628,Rosene
26631,Rosevelt
26635,Roshanda
26638,Roshaunda
26644,Roshelle
26659,Ross
26660,Rossana
26666,Rothana
26677,Roxane
26684,Roxsana
26686,Roxy
26691,Royce
26692,Roz
26702,Rozella
26704,Rozina
26706,Rube
26709,Rubetta
26711,Rubia
26713,Rubin
26718,Ruddie
26724,Rudolfo
26739,Rumaldo
26743,Ruperto
26758,Ruthanna
26761,Rutherford
26763,Ruthie
26782,Ryheem
26791,Ryne
26799,Saara
26810,Sabre
26822,Sachiko
26825,Sadae
26830,Sadi
26836,Sadye
26837,Saeed
26854,Saida
26856,Saidee
26863,Sakeenah
26875,Saleh
26881,Salina
26882,Sallee
26886,Sally
26889,Salma
26891,Salmon
26892,Saloma
26901,Salvatore
26910,Samanta
26915,Samanthan
26916,Samanthia
26922,Sambath
26928,Sami
26929,Samia
26939,Sammie
26940,Sammijo
26949,Samson
26950,Samual
26960,Sana
26961,Sanaa
26962,Sanah
26967,Sande
26973,Sandhya
26985,Sanela
26986,Sanford
26991,Sanjiv
26992,Sanjuana
26994,Sanna
27000,Santa
27003,Santanna
27005,Santia
27012,Santosh
27015,Sanya
27016,Sapan
27025,Sarabeth
27041,Sarath
27046,Saren
27048,Sarene
27058,Sarica
27061,Sarina
27072,Sasan
27073,Sascha
27076,Sashenka
27080,Sateria
27088,Sauel
27089,Saul
27092,Saunder
27105,Saverio
27108,Savoeun
27109,Savvas
27111,Sawyer
27118,Sayed
27123,Sayres
27124,Saysha
27129,Scarlette
27133,Schuyler
27138,Scottie
27151,Seara
27154,Seaton
27180,Sela
27182,Selby
27188,Selestina
27190,Selicia
27200,Selma
27201,Selwyn
27207,Seneca
27211,Sentoria
27215,Sequan
27223,Serafin
27227,Serena
27233,Sergeant
27235,Sergent
27241,Serra
27249,Seth
27251,Sevag
27252,Sevan
27256,Severo
27259,Seymour
27260,Sha
27276,Shadawn
27296,Shaena
27303,Shaheem
27305,Shaheerah
27307,Shahid
27318,Shaina
27325,Shajuana
27326,Shaka
27328,Shakea
27340,Shakeitha
27343,Shakema
27345,Shakena
27348,Shakenna
27350,Shakeria
27354,Shaketha
27363,Shakima
27370,Shakita
27395,Shalese
27397,Shaletha
27406,Shalinda
27409,Shalise
27414,Shalna
27415,Shalne
27421,Shalyce
27427,Shamanda
27436,Shamecca
27446,Shamera
27451,Shamica
27452,Shamicka
27458,Shamira
27460,Shamit
27466,Shamonique
27467,Shamra
27469,Shamya
27473,Shanae
27477,Shanara
27500,Shanea
27502,Shaneca
27503,Shanece
27504,Shanee
27517,Shanelle
27528,Shanetta
27531,Shani
27535,Shanicka
27540,Shanigua
27541,Shanika
27542,Shanikka
27543,Shanikqua
27546,Shanine
27547,Shaniqua
27548,Shanique
27550,Shanisha
27558,Shanna
27562,Shanne
27567,Shannette
27573,Shant
27580,Shantana
27583,Shantay
27601,Shantika
27605,Shantoria
27608,Shantrell
27616,Shaquanda
27617,Shaquanna
27626,Shaquina
27628,Shaquita
27633,Shar
27634,Shara
27644,Sharayah
27647,Shardai
27658,Shareef
27660,Shareen
27665,Sharelle
27670,Sharesa
27673,Sharetta
27674,Sharhonda
27675,Shari
27705,Sharleen
27706,Sharlena
27707,Sharlene
27714,Sharlyn
27723,Sharne
27739,Sharra
27741,Sharrell
27742,Sharri
27752,Shastina
27760,Shatera
27762,Shaterica
27771,Shatonna
27772,Shatonya
27776,Shatrice
27778,Shaughn
27789,Shaunette
27790,Shaunice
27798,Shauntay
27804,Shauntelle
27806,Shauntina
27808,Shauri
27814,Shavaun
27824,Shavonn
27836,Shawndale
27850,Shawnette
27854,Shawnika
27855,Shawnique
27856,Shawnise
27861,Shawntai
27862,Shawntavia
27866,Shawntee
27872,Shawon
27873,Shawona
27880,Shaylah
27881,Shaylee
27884,Shaylene
27889,Shayna
27892,Shayon
27898,Shealene
27902,Sheana
27906,Shedrick
27923,Sheika
27926,Sheilah
27931,Sheka
27934,Shekeya
27939,Shekira
27949,Shelbi
27957,Shelese
27968,Shelley
27973,Shellyann
27980,Shemekia
27981,Shemia
27998,Shenetta
28009,Shenisha
28010,Shenita
28016,Sheppard
28017,Shepperd
28018,Shequetta
28026,Sherard
28030,Sherece
28036,Shereka
28043,Sherese
28047,Sherian
28062,Sherin
28067,Sherisse
28070,Sherkia
28075,Sherlonda
28080,Shermeka
28085,Sheron
28086,Sheronda
28097,Sherria
28104,Sherrill
28106,Sherrina
28110,Sherronda
28118,Sherye
28120,Sherylann
28121,Shetara
28123,Sheva
28142,Shikira
28146,Shilo
28147,Shiloh
28176,Shirline
28180,Shiva
28183,Shivonne
28188,Shmuel
28193,Sholom
28205,Shonika
28206,Shonna
28208,Shontae
28210,Shontavia
28212,Shontaya
28215,Shontell
28216,Shontelle
28217,Shonteria
28226,Shree
28227,Shreena
28230,Shrita
28238,Shunda
28241,Shundrika
28254,Shyam
28258,Shyla
28264,Si
28268,Sianna
28273,Sibbie
28276,Sibel
28290,Sidoney
28294,Siearra
28302,Siffre
28306,Sigifredo
28318,Silvain
28328,Silviano
28329,Silvie
28331,Silvio
28338,Simmonds
28340,Simona
28347,Sinan
28358,Sioban
28361,Sion
28366,Sirena
28372,Sissy
28376,Sivan
28381,Skelly
28382,Skip
28389,Skye
28394,Skylor
28401,Smantha
28405,Smitty
28410,Socorro
28425,Soledad
28433,Solveig
28434,Somer
28438,Son
28439,Sona
28447,Sonni
28454,Sonya
28458,Sophana
28484,Spence
28487,Spenser
28488,Spike
28493,Squire
28505,Stacye
28515,Stanely
28520,Stanley
28521,Stanly
28542,Stasha
28547,Steele
28548,Stefa
28550,Stefanee
28552,Stefania
28559,Steffane
28588,Stephanieann
28595,Stephanye
28601,Stepheny
28613,Stetson
28630,Stew
28637,Sting
28648,Stormy
28653,Stuart
28665,Sueellen
28667,Suhail
28679,Sulma
28680,Sultan
28682,Suly
28686,Sumera
28698,Suni
28700,Sunita
28703,Sunny
28704,Sunshine
28708,Susa
28709,Susan
28713,Susann
28726,Suzann
28734,Suzy
28739,Swati
28747,Sybille
28749,Sybrina
28756,Sydney
28759,Syed
28761,Sylena
28764,Sylivia
28766,Sylvana
28769,Sylvia
28772,Symeon
28779,Syrita
28783,Tabatha
28785,Tabbatha
28786,Tabbetha
28789,Tabbitha
28803,Taci
28817,Taelor
28832,Tahnee
28841,Taisa
28850,Taji
28859,Takecia
28868,Takendra
28874,Takeya
28880,Takindra
28890,Talan
28896,Talbot
28900,Taleen
28914,Talisa
28916,Talishia
28923,Tallou
28932,Talyah
28937,Tamala
28943,Tamari
28952,Tambra
28953,Tambria
28962,Tamekia
28966,Tamera
28967,Tameria
28969,Tamesha
28988,Tamitha
28996,Tammie
28998,Tammy
29007,Tanae
29009,Tanairi
29032,Tanequa
29033,Taner
29036,Taneshia
29042,Tangee
29051,Taniesha
29065,Tannette
29068,Tannie
29072,Tanya
29073,Tanyia
29081,Taquita
29082,Taquoya
29084,Taraann
29098,Tarence
29100,Taresa
29113,Tarique
29114,Tarisha
29116,Tarita
29118,Tarna
29122,Taron
29137,Tarsha
29139,Tarus
29141,Tarvis
29144,Taryne
29152,Tashanna
29153,Tashara
29163,Tasheena
29167,Tashema
29168,Tashena
29174,Tashieka
29183,Tasneem
29205,Tausha
29211,Tavarus
29215,Tavio
29216,Tavis
29227,Tawnee
29229,Tawni
29231,Tawnie
29243,Taylore
29244,Tayna
29248,Taz
29259,Teana
29261,Teandre
29264,Teara
29266,Tearle
29282,Tedmund
29284,Tedric
29285,Tedrick
29307,Teja
29310,Tejay
29313,Tekeisha
29326,Telesha
29327,Telia
29330,Telisa
29338,Temia
29345,Tempest
29354,Teneil
29355,Teneisha
29370,Tenika
29373,Teniqua
29375,Tenise
29377,Tenita
29382,Tennille
29387,Teodoro
29389,Teofilo
29396,Tephanie
29401,Tequilla
29402,Tequisha
29404,Tera
29406,Teralyn
29407,Teran
29412,Tereasa
29413,Tereka
29421,TeresaAnne
29424,Teresina
29427,Terez
29444,Terrah
29449,Terrance
29456,Terresa
29461,Terrian
29464,Terrica
29477,Terris
29486,Teryl
29494,Tesla
29503,Tevis
29505,Tex
29506,Texas
29520,Thai
29523,Thais
29528,Thao
29531,Thary
29534,Thavy
29557,Theodoric
29562,Theophilus
29570,Therese
29573,Theresita
29574,Theressa
29587,Tho
29596,Thomasine
29598,Thoms
29600,Thong
29605,Thornie
29612,Thu
29614,Thurman
29617,Thuy
29623,Tiaira
29637,Tibisay
29638,Tibold
29644,Tiebout
29655,Tierre
29662,Tifany
29666,Tiffanee
29674,Tiffanye
29675,Tiffay
29676,Tiffeney
29679,Tiffiany
29685,Tiffiny
29686,Tiffnay
29687,Tiffney
29709,Tim
29711,Timaree
29713,Timathy
29717,Timekia
29721,Timika
29722,Timisha
29737,Timothy
29744,Tine
29748,Tinia
29753,Tinsley
29760,Tiquan
29761,Tira
29764,Tirso
29767,Tish
29772,Tishawn
29777,Titania
29780,Titos
29781,Titus
29792,Tobi
29803,Tod
29809,Toi
29812,Tom
29818,Tomasine
29821,Tomeka
29829,Tomika
29834,Tomlin
29837,Tommy
29844,Tondra
29845,Tonee
29846,Toneisha
29848,Tonesha
29857,Tonica
29862,Tonique
29866,Tonna
29874,Tonyia
29884,Toren
29890,Toribio
29892,Torin
29894,Torrance
29897,Torren
29907,Tosca
29912,Toshua
29920,Towana
29922,Towanna
29930,Toye
29932,Trace
29936,Tracie
29944,Tramain
29947,Tramayne
29951,Trampus
29978,Travis
29988,Tre
29993,Treavor
29995,Trecia
29996,Treena