18932,Jemie
14071,Cornell
26212,Rex
26891,Salmon
21064,Kortni
21314,Ladarious
13847,Claybourne
14708,Davon
14205,Crystalann
15306,Didi
28433,Solveig
18084,Iraida
20711,Kessiah
16648,Ferguson
14493,Danta
15974,Elisah
21053,Koron
19194,Jessalyn
29486,Teryl
21476,Lane
26600,Rosanna
10436,Aleksandar
15592,Dory
12376,Brendin
28062,Sherin
26131,Rem
28016,Sheppard
27223,Serafin
15347,Dinita
19316,Joane
25277,Parks
17413,Gullermo
23255,Marmaduke
24081,Moina
16162,Emmey
17965,Idette
13495,Cheria
12045,Bernita
12225,Boe
17718,Henrietta
24701,Nichael
22068,Leonora
15196,Destin
13898,Clyde
12637,Butch
17116,Gerianna
22407,Loralee
17321,Goober
29477,Terris
20778,Khalif
20123,Karmyn
18720,Jasine
12702,Calisha
19328,Joao
13277,Chao
29084,Taraann
27207,Seneca
15010,Denene
29082,Taquoya
11148,Annika
26594,Rosamaria
17327,Gorje
10494,Alexzandra
22767,Magin
29818,Tomasine
28832,Tahnee
14952,Demecia
18347,Jai
16110,Emelie
19698,Juanita
11243,Antwoin
11720,Avi
23111,Marigold
21435,Lamb
13786,Cipriano
10146,Adlai
22091,Lesette
16414,Evalina
24249,Mykah
17289,Glorimar
19229,Jessye
28520,Stanley
22019,Lenin
19684,Jozette
16752,Fonda
21401,Lakevia
25677,Quinn
14633,Daruis
22462,Lorn
19273,Jilli
17688,Helena
23026,Margarita
25554,Preethi
21977,Leisha
19399,Johna
27542,Shanikka
21601,Larrisa
14080,Correen
26881,Salina
19808,Juventino
11674,Aunna
14579,Darlene
11171,Anson
28120,Sherylann
25750,Raena
12911,Carmin
11281,Aquil
28900,Taleen
15235,Devonn
14938,Demarco
26328,Rio
25223,Oziel
12868,Carlie
13302,Charina
14762,Dayvon
16534,Fania
27634,Shara
27902,Sheana
12546,Broc
26396,Roche
14409,Damont
19063,Jerel
10298,Aisa
13699,Christol
24000,Minnnie
28637,Sting
14707,Davita
16169,Emmy
15412,Dolorita
13492,Cherese
24564,Necole
29711,Timaree
20908,Kineta
17576,Harlen
23763,Merilee
16806,Frank
29407,Teran
19157,Jerrilee
29936,Tracie
28552,Stefania
21741,Latora
17242,Gisela
17941,Ianna
23926,Mikella
12656,Cady
19711,Judea
12420,Briann
18805,Jaylynn
15905,Elecia
20387,Keana
14736,Dawson
25435,Phallon
17037,Genia
14221,Crystie
14199,Cristyn
17238,Girard
11044,Aniceto
18851,Jean-Paul
22028,Lennis
18706,Jaryd
17314,Goldie
14236,Curt
10145,Aditya
16266,Erin
20613,Kenny
22030,Lennox
22854,Malea
22338,Liv
19788,Justeen
13731,Chryste
24530,Natty
13694,Christof
26478,Rolondo
14086,Corrin
25384,Penrod
18071,Inigo
16943,Garner
23381,Maryann
26231,Rheanna
23342,Martia
22384,Lon
27089,Saul
24982,Nyah
23245,Marlissa
21163,Krystalynn
29310,Tejay
23226,Marleen
21138,Kristofer
14085,Corrie
28394,Skylor
24346,Nairy
11273,Aprill
18385,Jalene
21336,Laesha
25686,Quinten
29534,Thavy
15816,Edlyn
21268,La
13143,Cera
27397,Shaletha
19119,Jermine
25459,Phillida
27573,Shant
15335,Dimitrius
18992,Jennah
24402,Nanette
17415,Gunilla
19661,Jovon
15547,Dorelle
19833,Kadin
29866,Tonna
18080,Iona
21102,Krissi
27880,Shaylah
20442,Keidra
29065,Tannette
28783,Tabatha
27307,Shahid
29907,Tosca
28142,Shikira
17812,Hillary
13741,Chue
19489,Jonahtan
27182,Selby
29137,Tarsha
24792,Nijah
17340,Grahm
11990,Benjie
13163,Chadd
12574,Brooklynn
25016,Obinna
10770,Ambriel
21744,Latorie
17250,Gita
17873,Horatius
25158,Orie
20083,Karis
24350,Najah
14750,Daymon
25337,Paulina
18791,Jaycie
13095,Cecilia
10002,Aakash
29767,Tish
28075,Sherlonda
16766,Fortuna
13555,Chevon
26892,Saloma
18451,Jamerson
17278,Glennie
28215,Shontell
19540,Jordain
14772,Deandra
21303,Lacresia
22202,Lieren
18352,Jaimee
22432,Lorenso
17797,Hilario
28241,Shundrika
29229,Tawni
27073,Sascha
18019,Illana
11679,Aurelia
21894,Lazer
25014,Obert
20155,Karyna
17963,Idella
19351,Jocob
21585,Larisa
28358,Sioban
20165,Kashaun
14226,Crytal
14240,Curtiss
15992,Elizabath
23021,Margaretha
10581,Allen
10647,Alpha
11699,Authur
19199,Jesscia
24947,Norina
25776,Raheel
22970,Marcellus
11271,Aprile
19165,Jerrome
16526,Falyn
27541,Shanika
24541,Navy
20745,Keyauna
28208,Shontae
14932,Delvon
25681,Quintana
16381,Etoya
10698,Ama
25633,Quantisha
29377,Tenita
16923,Garan
10934,Andreia
18193,Iyesha
12964,Carter
12238,Bonnie
25361,Pearline
29748,Tinia
27041,Sarath
25012,Obed
25816,Rakeem
28290,Sidoney
27605,Shantoria
18979,Jenika
19072,Jeremian
27503,Shanece
29721,Timika
23734,Mendie
27421,Shalyce
29587,Tho
29570,Therese
15274,Dezmond
24481,Natashia
24883,Niven
29009,Tanairi
14844,Deion
21116,Kristelle
19458,Joice
15504,Donnis
28318,Silvain
11389,Aristotelis
14905,Delmas
29722,Timisha
29401,Tequilla
10599,Allissa
16841,Fredia
26973,Sandhya
22703,Mada
26443,Rodrigus
25505,Pinar
14295,Dacey
27241,Serra
25918,Raphel
13204,Chance
22954,Marcas
21246,Kyndal
23560,Mccall
14788,Deanthony
22960,Marcelina
22422,Lorelei
17785,Heywood
16378,Ethyl
20591,Kennan
19774,Junious
21858,Lavonia
13119,Celestia
26200,Retha
18857,Jeanee
22157,Levy
16633,Feliza
25551,Pratima
13525,Cherrish
23283,Marqueshia
18296,Jacquette
16305,Errol
12624,Bunny
22585,Lurette
18237,Jackeline
20737,Kewanna
25764,Raffinee
12945,Carree
23168,Marjory
22550,Lucus
17877,Hortensia
13715,Christye
23115,Marika
25808,Rajah
25055,Olabode
13355,Charlynn
23753,Merell
21316,Ladarius
10175,Adrena
22208,Ligia
11928,Beatrize
16600,Feather
26704,Rozina
11109,Annaliza
11070,Anjanette
12766,Cammy
22566,Luisanna
14601,Darrelle
24117,Monik
26985,Sanela
17390,Griselle
21645,Lashaya
21757,Latravia
18945,Jenalee
24019,Mireya
13501,Cherilyn
28121,Shetara
26092,Regan
17307,Godwin
14724,Dawna
21723,Latina
19336,Jobeth
20888,Kimmy
26791,Ryne
29338,Temia
18476,Jamiel
11755,Ayinde
17452,Gwenni
16754,Fons
22903,Malynda
13054,Catlaina
15737,Dywane
16587,Fawn
20351,Kayley
20697,Kerwin
28340,Simona
17318,Gomer
13152,Cerrissa
16551,Farley
15660,Dulcy
10610,Allyn
26638,Roshaunda
14140,Coury
19137,Jerra
17957,Idalia
13099,Cecillia
11697,Auston
24924,Nolberto
10947,Andreya
23406,Maryland
20701,Kesha
12573,Brooklyn
16116,Emera
15811,Edith
24503,Nathanel
26236,Rhen
26624,Rosemonde
25372,Peirce
12332,Brayden
10939,Andrell
13307,Charish
19726,Julee
29406,Teralyn
16087,Elysabeth
25605,Puff
11246,Antwone
10840,Ammy
19003,Jennett
22864,Malessa
19647,Jousha
28254,Shyam
17409,Guillermo
17755,Heron
16649,Ferinand
12870,Carlina
26631,Rosevelt
18926,Jemarcus
25319,Patrisia
11315,Archy
25784,Rahmel
29330,Telisa
10119,Adelina
10272,Ailee
14052,Corinthian
17704,Henderson
17259,Giuseppina
19571,Joscelyn
10583,Allene
17044,Genise
20786,Khanh
29675,Tiffay
17798,Hilary
12885,Carlotta
20127,Karola
28217,Shonteria
26307,Ricquita
18929,Jemel
20054,Karema
19314,Joana
18928,Jemeka
22602,Lydia
29427,Terez
22401,Lopaka
12417,Briana
19330,Joaquin
10136,Adi
23057,Mariadelaluz
16318,Eryn
20224,Katessa
20093,Karla
29637,Tibisay
12436,Bridie
16525,Falon
22499,Lovely
21843,Lavera
16824,Frazier
20935,Kirbi
25042,Odilia
27076,Sashenka
28176,Shirline
25086,Olufemi
27723,Sharne
11747,Ayanna
26137,Remington
18975,Jenie
27923,Sheika
28708,Susa
10387,Albina
14342,Dala
15885,Elbertina
12582,Bruno
26711,Rubia
24035,Mirza
27836,Shawndale
29777,Titania
17159,Gia
28268,Sianna
20213,Katelin
15168,Deshunda
10230,Agnella
22542,Lucio
19293,Jimmy
12929,Carole
17818,Hina
28998,Tammy
16083,Elyce
11723,Aviance
19846,Kaelynn
29574,Theressa
22441,Loria
26036,Rayvon
15381,Divine
27111,Sawyer
19417,Johnelle
14367,Dallon
24109,Monette
21327,Laderrick
29326,Telesha
21143,Kriston
16360,Esteven
16685,Filmore
22367,Lloyd
10135,Adham
15826,Edrick
17270,Glenda
15669,Duong
19717,Juditha
29404,Tera
14834,Deepa
28739,Swati
14369,Daloris
27395,Shalese
28505,Stacye
14405,Damond
15543,Doreen
10863,Anabell
12642,Byran
21769,Latresha
14611,Darrion
13300,Charil
13747,Chyanne
19204,Jesselee
22997,Mare
27000,Santa
15694,Duston
22909,Manan
29073,Tanyia
20588,Kenley
18246,Jacklin
14480,Dannelle
21111,Kriste
18381,Jalayne
23919,Mikea
26216,Reymundo
27154,Seaton
25596,Prudencio
11465,Arsenio
14867,Delane
19902,Kale
16492,Fabrice
26220,Reynard
13539,Cheskel
29402,Tequisha
19827,Kadee
14301,Dael
10165,Adore
22807,Mairead
21607,Larua
29051,Taniesha
21967,Leighanna
10998,Angelea
25792,Rain
13314,Chariti
26176,Renie
22538,Lucille
10125,Adelle
24846,Nilson
23182,Markeis
13057,Catlyn
19040,Jeoffrey
18504,Jamison
27469,Shamya
20128,Karole
15313,Diena
15120,Derrico
15216,Devarus
15868,Eizabeth
10988,Anett
25451,Philip
17187,Gila
10703,Amadeus
17245,Gisella
21031,Koo
16857,Freida
22347,Lizabeth
24151,Monty
10607,Ally
19666,Jowanna
11419,Arlington
16099,Emalee
13985,Constanta
13612,Chivas
20967,Kitt
26889,Salma
17999,Ikisha
17924,Hyacintha
20717,Ketrina
24912,Noellyn
15670,Dupree
28967,Tameria
29557,Theodoric
17253,Giuditta
27543,Shanikqua
16111,Emelina
15131,Derryck
16704,Fleming
27980,Shemekia
10010,Aarik
10323,Akeim
28085,Sheron
20346,Kayleen
26922,Sambath
12575,Brooks
13016,Cat
24203,Mozelle
13748,Chyla
13637,Chrissy
12542,Briza
19096,Jerimy
18289,Jacquelynn
26167,Renel
11958,Bell
29623,Tiaira
22198,Lidia
24489,Nateasha
22022,Lenita
23582,Meah
20522,Kelsie
20746,Keyetta
13280,Chaquetta
23200,Marki
28747,Sybille
12166,Bladimir
13583,Chimera
29307,Teja
26041,Ream
14686,Davia
24851,Ninamarie
24848,Nimesh
12783,Candi
16652,Fermin
23285,Marquetta
28630,Stew
25114,Oneal
27354,Shaketha
13709,Christorpher
10435,Aleks
12186,Blaze
26939,Sammie
28786,Tabbetha
22662,Lynzi
10576,Allana
27660,Shareen
23013,Marga
26706,Rube
19903,Kalea
12476,Brionne
16745,Flossy
17138,Gerrick
14016,Corday
18657,Jared
24079,Mohit
19347,Jocelyne
29617,Thuy
13476,Chenille
11436,Armin
26758,Ruthanna
11138,Annessa
13191,Chalmers
11295,Aracelis
23946,Mil
28515,Stanely
22902,Maly
13979,Conroy
23760,Merideth
10370,Alasdair
11556,Ashly
24413,Naoma
22939,Mao
25006,Nzinga
20999,Ko
20370,Kaysi
20368,Kaysha
24033,Mirtha
29505,Tex
26520,Rondall
14065,Cornel
10403,Alea
20835,Kierston
26536,Ronette
28493,Squire
28880,Takindra
17648,Hayward
15055,Deny
26282,Richar
12449,Briget
27249,Seth
15474,Doneshia
16644,Ferdinanda
27458,Shamira
25845,Ramin
12102,Bev
10089,Adaline
21554,Laquonda
16838,Frederik
21266,Kyson
16817,Fransico
28328,Silviano
23858,Michala
12455,Brigid
19745,Juliet
16443,Ever
13800,Clara
22085,Leron
28183,Shivonne
15748,Earle
12991,Caspar
18104,Isaac
14649,Dashaun
22626,Lyndsee
27105,Saverio
17282,Glenwood
15180,Desirie
27862,Shawntavia
23935,Miki
29562,Theophilus
26255,Rhonda
10843,Amon
27789,Shaunette
12692,Calen
28331,Silvio
14074,Cornellius
24072,Modesty
10725,Amandie
19742,Julien
10952,Andriana
19939,Kallan
18251,Jackqueline
16142,Emlyn
13477,Chenin
22830,Makenzie
18502,Jamise
22211,Lila
22224,Lilli
20422,Keenan
15479,Donica
20111,Karlon
22062,Leonidas
21949,Leesha
21083,Kreg
17790,Hiep
17186,Gil
27742,Sharri
10613,Allyse
19329,Joaquim
29884,Toren
13028,Catharine
19323,Joanne
20209,Katee
18622,Janson
28653,Stuart
10573,Alla
14050,Corinne
10233,Agnesse
28067,Sherisse
27061,Sarina
13106,Cedrick
11712,Aven
13604,Chirstopher
25448,Philbert
29605,Thornie
24269,Myranda
25769,Ragina
21880,Laycie
18092,Irina
20097,Karleigh
14487,Danniella
20016,Kandyce
12418,Brianca
29857,Tonica
11033,Anglea
11403,Arlen
27345,Shakena
11666,Augusto
26991,Sanjiv
29679,Tiffiany
14766,Deacon
27752,Shastina
22170,Lezli
19572,Josclyn
16093,Elysse
19001,Jennelle
10720,Amandah
18330,Jafar
28700,Sunita
23808,Meshach
13393,Chasity
20902,Kindell
24551,Ncole
13244,Channah
25093,Olympia
29243,Taylore
14926,Delray
13631,Chrisma
26090,Refugio
12865,Carlette
21215,Kyera
14374,Dam
15419,Domenick
22526,Luci
29100,Taresa
23056,Mariadel
21916,Leanna
18407,Jamar
22588,Lurline
26483,Romale
19284,Jillyan
12828,Carey
13697,Christoher
16369,Ethel
12723,Calvin
26992,Sanjuana
26015,Rayn
23799,Merton
15476,Dong
22937,Manuella
17220,Ginni
19086,Jerid
21164,Krystan
28588,Stephanieann
15780,Echo
18082,Iosif
28803,Taci
29375,Tenise
20284,Katlynn
26910,Samanta
16944,Garnet
10984,Anessa
23719,Melton
12027,Bernadina
16439,Evelyn
17402,Guglielma
14103,Cortnie
19362,Joel
17948,Ibn
17649,Haywood
11888,Bary
21191,Kumiko
27227,Serena
19519,Jonna
26149,Renard
16454,Evetta
14900,Dell
24105,Moneisha
23098,Marieke
25160,Orion
12742,Camela
22364,Lizzy
11431,Armandina
13087,Ceasar
21957,Lehua
19731,Julia
28601,Stepheny
28850,Taji
26666,Rothana
10656,Altariq
13067,Caty
14523,Daphnee
26542,Ronique
28686,Sumera
19599,Josette
24403,Nani
16612,Felicdad
26810,Sabre
28962,Tamekia
17294,Glynis
25866,Ranae
24238,Myda
20886,Kimmie
10129,Aden
10739,Amaris
17177,Gideon
25935,Rashanna
14722,Dawayne
29113,Tarique
14413,Danae
11347,Argentina
28026,Sherard
12631,Burnell
14589,Darnesha
28110,Sherronda
26411,Rockwell
15529,Donyell
24643,Nerti
19576,Josecarlos
10485,Alexina
18840,Jazzmine
17899,Huma
11865,Barrington
17371,Gretal
28439,Sona
16502,Faige
11877,Bartie
12403,Bretney
10412,Aleck
12962,Carson
11847,Bari
24038,Mischa
27628,Shaquita
16146,Emmalee
27939,Shekira
18604,Jannah
23447,Matia
11705,Avani
13419,Chauntelle
25481,Phylicia
19393,Johathan
29988,Tre
19961,Kamaria
27467,Shamra
16237,Eren
17179,Giff
13698,Christohper
11455,Arnoldo
12547,Brocha
11730,Avital
26061,Rebekah
10325,Akela
20232,Kathe
21312,Ladanna
14435,Danesa
29709,Tim
15435,Dominigue
27562,Shanne
29612,Thu
16616,Feliciana
25249,Pamella
16364,Estrella
17347,Gratiana
23061,Mariah
21406,Lakiesha
12569,Brookelyn
21997,Lemar
27626,Shaquina
16763,Forrester
20070,Karilyn
19668,Joya
28017,Shepperd
20208,Kate
11177,Ante
19637,Jossue
24619,Nella
29744,Tine
28366,Sirena
22467,Lorraine
28216,Shontelle
27673,Sharetta
29464,Terrica
22982,Marcia
14127,Courntey
19140,Jerrald
10247,Ahlam
23302,Marqus
25138,Oral
14280,Cyrene
23396,Marygrace
28258,Shyla
26929,Samia
16731,Florian
18248,Jacklyn
14257,Cydney
26275,Ricci
22806,Maire
27215,Sequan
27926,Sheilah
15024,Deniesha
25096,Omair
23521,Maximino
22567,Luiscarlos
16133,Emiline
25303,Paton
22532,Lucie
20427,Kees
22077,Leorah
20684,Kerriann
10516,Ali
21701,Laterrance
11746,Ayana
19760,Juluis
27806,Shauntina
12177,Blanch
28338,Simmonds
27647,Shardai
13776,Cinderella
10455,Alessia
25192,Oskar
13109,Ceira
17369,Greogry
24022,Miriam
27318,Shaina
13128,Celie
12787,Candice
12777,Candance
13465,Chemeka
14935,Delyla
27477,Shanara
16189,Engelbert
14515,Danylle
22702,Macy
11504,Aryeh
16137,Emily
19047,Jeraldine
15447,Domonic
21702,Laterria
18704,Jaruis
27012,Santosh
19111,Jermel
20015,Kandy
19039,Jeny
10870,Anais
17433,Gusti
14076,Corney
22255,Lindon
16536,Fannie
17171,Gianpaolo
15787,Edd
11301,Aran
24770,Nicoli
13351,Charlton
12293,Brandie
29932,Trace
25701,Quoc
13728,Chrysler
29596,Thomasine
16405,Euphemia
19735,Juliann
20089,Karista
17466,Habiba
14943,Demaris
28969,Tamesha
29809,Toi
16272,Eris
29523,Thais
29993,Treavor
13920,Cole
20840,Kiffany
24195,Moshe
20485,Kelita
25919,Raquel
25706,Quyen
19971,Kamel
27340,Shakeitha
13499,Cherie
19497,Jondavid
19349,Jock
23536,Mayer
16782,Frances
15078,Depaul
22331,Lissy
13822,Clarivel
20833,Kiersten
10706,Amal
29890,Toribio
13403,Chasya
24721,Nicholette
25074,Olive
26324,Rinaldo
28086,Sheronda
23231,Marlene
22141,Letticia
12550,Broddie
20376,Kaytlyn
17765,Hertha
17778,Hew
15671,Duran
21343,Laguan
26459,Roice
29662,Tifany
13239,Chanika
28238,Shunda
25678,Quinnita
11565,Ashtin
29152,Tashanna
19714,Judie
20676,Kerissa
10463,Alexa
22252,Lindey
23322,Marshia
10493,Alexzander
29144,Taryne
18995,Jennalynn
17839,Hoda
17432,Gustavus
28709,Susan
20375,Kaytlin
24384,Nalee
21084,Kregg
14815,Decarlo
19232,Jestina
25386,Pepe
14683,Davette
26348,Rivalee
13159,Chablis
23112,Marija
11099,Annalea
10448,Alese
27540,Shanigua
21248,Kyndel
11199,Antoinette
11669,Auna
19688,Jssica
11971,Benard
14141,Coutney
14873,Delawrence
24736,Nickey
23039,Marglerite
18806,Jayma
28230,Shrita
18671,Jarin
20728,Kevi
24240,Myeisha
11157,Annora
16538,Fantasia
21549,Laquista
12886,Carlson
29167,Tashema
25548,Prashant
15626,Drey
29114,Tarisha
21294,Lacorey
15910,Eleesha
16154,Emmanuell
12124,Biddie
12731,Camala
12771,Camy
23776,Merline
15864,Eira
20042,Karaline
27670,Sharesa
19223,Jessilyn
17260,Giustina
26280,Richael
18299,Jacquia
22520,Lucan
19225,Jesslyn
13797,Claire
21847,Laveta
23303,Marranda
28665,Sueellen
20899,Kindal
18921,Jelisa
22695,Macio
14804,Debee
26882,Sallee
25257,Panayiotis
22824,Makeba
13488,Chereese
14347,Dale
16452,Evertt
22106,Lesleyanne
21959,Leia
20944,Kirstan
18960,Jenelle
13400,Chastine
13644,Christal
27200,Selma
17758,Hersch
16708,Fleur
20671,Keric
10682,Alyn
19281,Jillienne
15317,Diesha
16642,Ferdie
10182,Adriann
15554,Dori
21686,Latausha
12498,Britnee
12281,Brandalynn
24590,Neha
15761,Eather
28434,Somer
27188,Selestina
20171,Kashif
10831,Amita
23097,Mariejeanne
18430,Jameelah
21251,Kyoko
17418,Gunter
27856,Shawnise
17062,Geoffrey
23967,Miller
14109,Corydon
23728,Memory
11132,Annelies
13834,Claudette
24469,Nataly
15771,Ebone
17944,Iban
27080,Sateria
18885,Jeanpaul
26427,Rodi
23767,Meris
16773,Fowler
26162,Renea
23122,Marilou
13217,Chandi
19387,Johann
13722,Chritopher
22404,Lorah
12206,Bobak
18047,Indra
29373,Teniqua
16916,Galvin
27343,Shakema
19104,Jermane
22540,Lucinda
11249,Antwyne
10928,Andreal
22289,Linton
19288,Jimell
19962,Kamau
12836,Carilyn
21973,Leilani
12430,Bridget
19468,Jolena
17791,Hieu
15964,Elinore
10674,Alvon
23567,Mckenzie
13438,Chee
27256,Severo
15932,Elgin
28764,Sylivia
24687,Nhi
23103,Mariella
10722,Amandeep
10349,Alacia
27446,Shamera
14996,Dempsey
14343,Dalaina
21188,Kula
13931,Colisha
12155,Bird
29685,Tiffiny
10586,Alley
12457,Brigit
24918,Nohealani
24305,Nadeen
13890,Clo
22040,Leo
22676,Maari
11706,Avanti
22229,Lilliane
19282,Jillmarie
19203,Jesseka
23798,Mersey
10088,Adalberto
25656,Querida
12551,Broddy
16496,Fady
23904,Miguela
27328,Shakea
21885,Laysa
13305,Charisa
24029,Miroslava
23561,Mccoy
24639,Neron
18523,Janah
26713,Rubin
17762,Hershel
12313,Brandye
25888,Randon
22097,Leshea
17799,Hilbert
18186,Ivori
16034,Elmira
28018,Shequetta
29327,Telia
24550,Nazish
21665,Lashuna
18492,Jamilyn
26374,Robertlee
15351,Dino
27259,Seymour
23813,Messiah
11291,Arabelle
27762,Shaterica
10820,Amin
23054,Mariachristina
10861,Anabal
28785,Tabbatha
21620,Lashae
20625,Kenta
23867,Michelangelo
10456,Aleta
10173,Adreana
29686,Tiffnay
11850,Barnabas
28484,Spence
24386,Nallely
29068,Tannie
18079,Iolanthe
13187,Chalese
21296,Lacosta
11117,Annamary
11691,Aurora
12887,Carlton
22652,Lynnetta
14460,Daniesha
19215,Jessicalynn
14272,Cynthia
20600,Kennethia
21237,Kylynn
27046,Saren
27949,Shelbi
22140,Letti
18800,Jayleen
28302,Siffre
19334,Job
20176,Kashonna
12576,Bruce
25316,Patrik
12888,Carlus
15801,Edgard
18726,Jasman
21472,Landra
17092,Geovany
21609,Laruen
21181,Krystol
15778,Ebony
29573,Theresita
23235,Marli
11520,Ashea
26051,Rebbie
12057,Bertie
24003,Miof Mela
23792,Merrili
13838,Claudine
26188,Renzo
10157,Adolphus
18227,Jacinda
21462,Lancelot
15100,Dericka
19198,Jessamyn
16081,Ely
28667,Suhail
25131,Opalina
22297,Lional
13160,Chace
25413,Persis
22753,Magdalena
14598,Darran
25948,Rasheeda
20444,Keil
16485,Fabian
18333,Jahan
22284,Linsday
25844,Ramie
12081,Bethlehem
25476,Phu
26466,Rolanda
29812,Tom
15931,Elga
24787,Nieshia
14397,Damiel
27370,Shakita
27981,Shemia
23558,Mber
21969,Leighton
16876,Fulvia
29995,Trecia
14975,Demian
23199,Markeyta
24823,Niklas
20455,Keisha
29382,Tennille
23884,Mickayla
14190,Cristino
27452,Shamicka
16481,Ezequiel
26718,Ruddie
20018,Kaneesha
26557,Ronnita
15084,Derak
27276,Shadawn
22454,Lorimar
28547,Steele
26916,Samanthia
23496,Maurisa
23166,Marjon
16605,Feige
18049,Indya
10716,Amana
20151,Kary
16321,Esdras
28118,Sherye
18900,Jefferey
22556,Ludwig
25041,Odie
19611,Joshu
23759,Meridel
23207,Markis
26433,Rodolph
22496,Louvenia
16284,Erminie
29007,Tanae
29944,Tramain
23487,Mauria
25321,Patsy
23795,Merrissa
25932,Rashan
26521,Rondalyn
15258,Dewon
10920,Andonis
16395,Eugine
15569,Dorit
10020,Abagael
12153,Bionca
16924,Garbiel
15343,Dinesh
14006,Coralia
16843,Fredie
11622,Atthew
20410,Keefe
10549,Alisen
24118,Monika
19319,Joanie
15894,Eldra
12267,Brae
23815,Metta
16158,Emmeline
21290,Lacinda
10547,Aliscia
28937,Tamala
14583,Darly
20172,Kashina
14987,Demone
13974,Connor
17357,Gredel
28595,Stephanye
18672,Jaris
17745,Hermine
27517,Shanelle
18208,Jabe
23083,Maricel
26660,Rossana
16921,Gao
12820,Cardell
16402,Eun
26677,Roxane
13685,Christinna
18919,Jelena
16406,Eureka
28361,Sion
13292,Charee
13008,Cassidy
15167,Deshun
21980,Lejon
23198,Markeya
23374,Marwan
20709,Kessa
28756,Sydney
16335,Esperanza
11805,Bailey
20537,Kemper
10564,Alivia
19380,Joetta
13875,Cletus
17696,Hellena
26782,Ryheem
27504,Shanee
26120,Reine
16772,Foua
22649,Lynnelle
11150,Annis
16559,Farren
16404,Eunique
16973,Gaspare
28070,Sherkia
26686,Roxy
19906,Kalee
11151,Annisha
18446,Jamen
13322,Charleen
28789,Tabbitha
10669,Alvinia
23947,Mila
29081,Taquita
18642,Jaquette
20402,Keaundra
11776,Azia
29912,Toshua
16090,Elysha
21615,Lasandra
12171,Blaise
16449,Everson
27473,Shanae
23810,Meshell
19360,Joeanna
27296,Shaena
11325,Ardene
13943,Collyn
14017,Cordelia
27303,Shaheem
17244,Gisell
27325,Shajuana
19765,Junaid
29285,Tedrick
21250,Kynthia
21535,Laqueta
13535,Cherylee
17392,Griswold
13894,Clorissa
20046,Kare
18876,Jeannea
19106,Jermany
10786,Ameera
13108,Ceilia
13757,Cicily
27211,Sentoria
27088,Sauel
19044,Jerad
17624,Hassen
18547,Janeice
14312,Dagan
25025,Octaviano
27931,Sheka
19433,Johnmichael
17425,Gussie
18581,Janiece
23477,Matty
11110,Annalyn
15735,Dyson
11284,Aquino
11313,Archie
24498,Nathaly
29163,Tasheena
24952,Norma
19402,Johnanthan
29421,TeresaAnne
28916,Talishia
21600,Larren
17646,Haylie
13710,Christos
22998,Mareah
24926,Nolie
22804,Mair
12017,Berke
24051,Misty
26659,Ross
10118,Adelice
13338,Charlina
25171,Orsola
15468,Doneisha
20416,Keelia
29792,Tobi
13600,Chiquita
29598,Thoms
20475,Keldrick
16370,Ethelbert
12741,Camel
15903,Eleasha
25812,Rajesh
11457,Aron
13538,Cherylynn
27190,Selicia
14618,Darroll
26094,Regena
22801,Maila
13665,Christhoper
28188,Shmuel
28047,Sherian
16663,Fey
24490,Natesha
19955,Kama
15023,Denielle
15587,Dorris
24953,Normajean
11941,Bee
15870,Ekaterina
18069,Ingrid
22934,Manual
16871,Froylan
24050,Mistina
11741,Avrom
21070,Kosta
19974,Kameron
21176,Krystina
10466,Alexander
29874,Tonyia
28454,Sonya
24173,Morio
12234,Bonnee
26960,Sana
21189,Kule
13437,Chealsey
21241,Kymberley
20627,Kenton
21533,Laquesha
18931,Jemia
29503,Tevis
16120,Emi
10266,Aiesha
11522,Ashely
25762,Raffaele
11365,Arie
13145,Ceri
27305,Shaheerah
17523,Ham
17610,Harvard
20110,Karlo
27436,Shamecca
22761,Maggi
14505,Danyeal
24709,Nichlous
25951,Rasheen
11860,Barr
21705,Latese
27898,Shealene
29760,Tiquan
11833,Barbaraanne
29494,Tesla
14532,Darb
24024,Mirilla
20943,Kirra
26376,Robertson
26962,Sanah
22230,Lillianna
28932,Talyah
23400,Maryjo
24049,Mistie
14621,Darry
21376,Lakeesha
25029,Octavius
17850,Holly
22582,Lura
29674,Tiffanye
28952,Tambra
21899,Leaann
19828,Kadeidra
15800,Edgar
21447,Lamon
15249,Dewan
26243,Rhian
12684,Calder
17923,Hyacinth
29996,Treena
20784,Khandi
18392,Jalynn
28613,Stetson
13810,Clarey
20068,Karil
10664,Alvera
19264,Jilian
28212,Shontaya
28966,Tamera
27415,Shalne
27502,Shaneca
13251,Channon
22696,Mack
26291,Richmond
10392,Alden
16476,Ez
22932,Mansour
21002,Koda
12703,Calissa
29313,Tekeisha
20403,Kecia
19089,Jerika
16771,Fotis
29713,Timathy
20084,Karisa
10821,Amina
17078,Georgia
29845,Tonee
19744,Julienne
26442,Rodriguez
29897,Torren
18719,Jasin
20907,Kinesha
26268,Ric
14285,Cyrstal
17014,Gena
23980,Milzie
18303,Jacquise
22447,Lorie
20635,Kenyarda
11721,Avia
26456,Rohini
26379,Robie
24136,Montell
24710,Nichoal
23530,Maya
21918,Leanor
18734,Jasmyne
21617,Lasaundra
13443,Chelcee
25237,Page
12069,Bessy
28372,Sissy
16065,Elston
23499,Maurissa
25664,Quill
10860,Anaalicia
17694,Helise
18390,Jalonda
11039,Anhthu
14054,Coriss
12385,Brennan
14061,Cormac
23492,Maurie
29531,Thary
27583,Shantay
25048,Ofelia
14994,Demorris
24605,Nekeisha
26644,Roshelle
18023,Ilsa
22204,Liesa
22082,Lequita
17820,Hindy
18740,Jasson
25178,Osama
25837,Ramel
10187,Adrick
25645,Quenesha
12997,Cassandre
13183,Chakita
28559,Steffane
26173,Renetta
28988,Tamitha
15113,Derrelle
22595,Luvenia
24903,Nocole
19921,Kalia
13397,Chassity
16017,Ellie
27906,Shedrick
16181,Endia
21106,Kristain
23519,Maximilien
19480,Jolyn
19806,Juvenal
20797,Khristen
13462,Chelsie
17225,Giordano
17348,Gray
11784,Azure
10169,Adrain
10645,Aloysius
12030,Bernardette
24761,Nicolai
18669,Jarica
23221,Marlayna
16949,Garon
17070,Georgeann
18420,Jamaul
22904,Mame
24929,Nona
20289,Katrece
20246,Kathlene
14652,Dashell
15470,Donell
19565,Jorrie
12604,Brysen
26635,Roshanda
27617,Shaquanna
18649,Jaquline
19018,Jennifermarie
16938,Garfield
18233,Jackalyn
19013,Jennife
24093,Mommy
12531,Brittnay
20976,Kiyoko
11684,Auria
17151,Gertie
26354,Riyad
20125,Karne
12340,Breana
12279,Brandais
11126,Anne-Marie
10887,Anan
11424,Arluene
12641,Byram
29216,Tavis
21990,Lela
11159,Anny
12739,Camdon
15401,Dodie
21666,Lashunda
19838,Kaelah
22283,Linsay
12466,Brinkley
12051,Bert
14320,Daiel
23442,Mathias
10474,Alexandro
10345,Akua
27567,Shannette
10944,Andrewjames
15727,Dyna
28914,Talisa
14126,Courney
20482,Kelin
15859,Eilis
22121,Letesha
25523,Pooja
14378,Damar
26825,Sadae
11341,Arelys
27675,Shari
29687,Tiffney
15889,Elchonon
23569,Mckinsey
23701,Mellie
20791,Khia
22771,Magnus
22764,Maghan
24902,Nochum
25423,Petr
19761,July
17858,Homar
18209,Jabez
18793,Jayda
11492,Arvie
25040,Odette
27528,Shanetta
20087,Karisma
25024,Octavian
26044,Reanna
25662,Quigly
22152,Levina
27998,Shenetta
12297,Brandilynn
24426,Nari
11227,Antown
13331,Charleton
13334,Charlette
13649,Christanna
26901,Salvatore
24073,Moe
16727,Florenza
22377,Loise
13053,Catiria
27451,Shamica
11966,Belynda
20022,Kanetha
22298,Lionel
21525,Laquanna
22416,Lorean
21149,Kristylee
21995,Lelsie
16325,Esi
29122,Taron
14108,Cory
12130,Bijan
21225,Kylea
10689,Alyshia
27048,Sarene
15424,Dominee
12666,Cain
21113,Kristeen
21259,Kyriakos
21403,Lakeyia
19755,Julissa
25905,Ranita
18373,Jakia
27326,Shaka
26702,Rozella
17783,Hewitt
13240,Chaniqua
13020,Catarino
23099,Mariel
21157,Krystal
28405,Smitty
25401,Peria
23270,Marquasha
13628,Chrishawn
25346,Pavia
20200,Kata
27707,Sharlene
26498,Rommy
27778,Shaughn
14081,Correna
15053,Denton
28273,Sibbie
20276,Katinka
28382,Skip
27705,Sharleen
18846,Jean-Christophe
16720,Florella
13049,Cathyleen
27889,Shayna
27850,Shawnette
12216,Bobbye
16393,Eugenio
10258,Ahuva
23906,Miguelita
21713,Lathisa
14937,Demar
13660,Christena
18830,Jazmin
26105,Reginauld
20662,Kerbi
13908,Codee
26961,Sanaa
10961,Andromache
12331,Brayan
24667,Nevil
11477,Arther
12544,Brndon
27776,Shatrice
17744,Hermina
27406,Shalinda
24449,Nastasha
24332,Nahshon
15799,Eder
25921,Raquell
18758,Javed
24372,Nakia
12487,Britani
15647,Duffie
21739,Latonja
29444,Terrah
10896,Anastasie
23025,Margarette
28996,Tammie
22845,Malaka
17939,Ian
27872,Shawon
22711,Maddison
14069,Cornelious
14602,Darren
20149,Kartik
19776,Junita
11598,Athanasios
17456,Gwenore
20710,Kessia
26949,Samson
18465,Jamez
14904,Delmar
19796,Justinn
11620,Atoya
16896,Gabriella
19626,Josie
22187,Libbie
13261,Chante
27550,Shanisha
20279,Katisha
24473,Natanael
27665,Sharelle
24543,Nayda
26487,Romar
27714,Sharlyn
25787,Rahsaan
15963,Elinor
29396,Tephanie
14012,Corbin
10320,Akeen
29215,Tavio
24030,Mirra
24192,Mose
25057,Olag
25305,Patrece
12603,Bryony
20401,Keauna
28036,Shereka
20478,Keleigh
22600,Lyda
11200,Antoinne
16725,Florentina
28329,Silvie
23150,Marita
25100,Omari
13530,Cherye
19852,Kahlil
27892,Shayon
10269,Aiko
16229,Eran
26186,Reno
27633,Shar
23757,Merica
27854,Shawnika
20231,Katharyn
15589,Dorsey
10362,Alando
15744,Eamon
11242,Antwion
16562,Farryn
27772,Shatonya
19457,Joia
22392,Long
27108,Savoeun
22722,Madelle
29072,Tanya
13506,Cherisa
25417,Peta
10644,Aloysia
13648,Christana
26761,Rutherford
11000,Angelena
18864,Jeanetta
15912,Eleisha
11763,Ayn
14997,Dena
29600,Thong
13481,Chenoa
29266,Tearle
23100,Mariela
27855,Shawnique
19463,Jolanta
21255,Kyra
10327,Akesha
19532,Jonte
14443,Dangelo
14161,Creston
26270,Ricahrd
11078,Anjulie
13324,Charlena
22495,Loutitia
10063,Abimael
28761,Sylena
14706,Davit
10826,Amira
12144,Bindi
23679,Melinde
29345,Tempest
18729,Jasmin
24137,Montey
16638,Fenton
11936,Becka
27957,Shelese
13543,Chessa
12456,Brigida
28097,Sherria
18357,Jaina
11379,Arika
28817,Taelor
20928,Kiplin
24555,Neala
24232,Mya
21781,Latroy
16679,Filicia
17786,Hezekiah
25284,Parth
13385,Chasady
10830,Amit
14610,Darrio
11025,Angellica
10792,Amelie
17671,Hedwiga
23209,Markisha
10389,Albrecht
14214,Crystalyn
10941,Andrena
15314,Diera
26493,Romeo
14892,Delina
26875,Saleh
10338,Akio
28080,Shermeka
26837,Saeed
10943,Andrew
17254,Giulia
10968,Andrzej
22361,Lizzett
19338,Jobi
23190,Markelle
13246,Channell
21177,Krystine
17598,Harrietta
13992,Consuela
23662,Melchizedek
13199,Chan
16889,Gabreil
21511,Lao
12400,Breonna
10029,Abbigail
26863,Sakeenah
11963,Bellina
29930,Toye
13226,Chanel
20129,Karolina
28226,Shree
13383,Charyl
28698,Suni
24531,Naudia
23315,Marshal
11952,Belia
17377,Gretta
25599,Prue
27790,Shaunice
20426,Keera
16241,Erez
20107,Karlisa
12021,Berlin
13370,Charnell
24524,Natonya
13363,Charmin
21350,Laila
13446,Chelcie
14182,Cristi
19342,Jobye
18364,Jaisen
10780,Amdrew
16954,Garrett
24319,Nadja
22400,Lonzo
21793,Laural
25626,Quanita
13865,Clenton
15568,Dorissa
22067,Leonor
12091,Betteann
26391,Robyne
12875,Carlise
29211,Tavarus
27233,Sergeant
11221,Antonisha
16289,Ernesta
19275,Jilliam
15109,Derreck
20069,Karilee
18646,Jaquita
27138,Scottie
24162,Morgaine
20852,Kiley
23363,Marva
16710,Flicia
21454,Lamorris
26382,Robinet
25219,Otto
13423,Chavon
12271,Braiden
15973,Elisabetta
10402,Aldwin
23541,Mayleen
26915,Samanthan
28447,Sonni
16257,Erickson
16123,Emil
11807,Baillie
29844,Tondra
19280,Jillien
18401,Jamaine
15139,Desaray
11624,Aub
26256,Rhondalyn
16475,Eytan
18568,Janet
18832,Jazmon
10626,Almira
12367,Brenae
29370,Tenika
20145,Karson
24715,Nicholad
29412,Tereasa
21952,Lefty
12259,Bradford
25980,Raven
26610,Roseanne
22316,Lisett
24526,Natoshia
13068,Catya
17223,Ginny
19600,Josey
13946,Colson
11224,Antonyo
12676,Caitrin
16937,Garey
19447,Johnson
19518,Jonn
16021,Ellisa
14068,Cornelio
25061,Olanrewaju
18767,Javon
21301,Lacresha
15796,Edelmira
13466,Chemere
15947,Elicia
29666,Tiffanee
20983,Kjersten
28772,Symeon
13867,Cleofas
14822,Dedric
20878,Kimerly
25049,Ofella
16233,Ercia
13802,Clarance
12473,Brion
29141,Tarvis
25099,Omara
15011,Denese
14485,Danniel
21789,Lauraann
16001,Elizebeth
16784,Francesca
26486,Romanda
14327,Daira
22866,Mali
10899,Anastazia
15161,Deshawna
11867,Barron
20108,Karlisha
15599,Doua
11803,Baila
29118,Tarna
15422,Domenik
22435,Lorenzo
15199,Destiney
29834,Tomlin
26150,Renardo
16098,Emad
14735,Dawon
17986,Iisha
21526,Laquanta
16967,Garvy
16270,Erinna
18912,Jehan
24542,Nawal
20202,Katalina
29259,Teana
29413,Tereka
22046,Leon
20604,Kenni
12015,Berit
26724,Rudolfo
27003,Santanna
27151,Seara
22182,Liat
26163,Renecia
13587,Chinda
22578,Luna
23398,Maryia
14895,Delisa
10150,Adnrea
12253,Brack
22814,Maitilde
25525,Poppy
24443,Nasia
22185,Libbey
20977,Kiyomi
17071,Georgeanna
17514,Hallee
20822,Kiele
11615,Atlantis
12643,Byrant
23698,Mellanie
19152,Jerrica
13042,Cathlin
16007,Elladine
21238,Kym
18105,Isaak
13801,Clarabelle
28010,Shenita
19792,Justice
16102,Emanual
12277,Branda
23553,Mayte
28227,Shreena
22679,Mabelle
13910,Codi
21772,Latrica
22586,Lurleen
20855,Kima
28043,Sherese
26544,Ronit
14786,Deanne
10620,Almarosa
14477,Dannah
13223,Chane
29183,Tasneem
24239,Myeasha
15459,Donavan
14695,Davie
12629,Burl
25218,Ottis
29803,Tod
12117,Bianka
21011,Kolbi
18187,Ivorie
12065,Beryl
27409,Shalise
21580,Larico
21010,Kojo
25462,Phillipe
27741,Sharrell
10808,Amethyst
25071,Olimpia
23700,Mellicent
26830,Sadi
10114,Adelbert
29461,Terrian
27804,Shauntelle
11920,Bear
24955,Normand
26502,Romona
16107,Emeka
11584,Astra
26261,Riana
14310,Dafina
29780,Titos
26612,Roselia
20754,Keyondra
23999,Minnie
15175,Desiray
10548,Alise
24237,Mycheal
14595,Darra
10044,Abdullatif
20501,Kellin
19999,Kana
14169,Criselda
25077,Olivia
21937,Leeandra
20263,Kati
15741,Eadie
28890,Talan
29753,Tinsley
28030,Sherece
23089,Maricruz
10082,Achilles
23882,Mickaela
24322,Naeem
11970,Benancio
19307,Jo Ann
14224,Crystle
28713,Susann
11597,Athanasia
29282,Tedmund
19521,Jonnell
17113,Gerhardine
21473,Landria
24702,Nichalas
20294,Katri
15121,Derrik
10543,Alireza
10514,Algernon
26080,Reed
18284,Jacquelina
19254,Jhoanna
14974,Demetrus
21610,Lary
17589,Haroon
23343,Martica
27771,Shatonna
12646,Cacey
12925,Carola
17645,Hayli
24157,Moranda
14506,Danyel
22855,Maleah
26541,Ronika
12280,Brandalyn
24076,Mohammad
26628,Rosene
24110,Monic
25051,Ogden
22953,Marcanthony
28488,Spike
15997,Elizabethanne
27608,Shantrell
27973,Shellyann
24355,Najma
27092,Saunder
19956,Kamaal
17935,Hyun
29655,Tierre
14812,Debralee
15937,Eliana
20312,Katusha
11529,Ashira
28389,Skye
16780,Francelia
14734,Dawnyel
20431,Keevin
20898,Kinda
18968,Jenette
22139,Letta
18571,Janett
19734,Juliane
12285,Brandee
13259,Chantalle
28146,Shilo
18473,Jamicheal
19205,Jesselyn
17591,Harper
23319,Marsheena
18297,Jacquez
21572,Laresa
21482,Laneka
23495,Maurio
17782,Hewie
10544,Alis
22286,Linsey
11580,Aspen
14877,Delcine
11999,Benny
19437,Johnnell
13268,Chantha
10542,Aline
13373,Charnise
20609,Kennita
18843,Jc
19895,Kal
19912,Kalem
29042,Tangee
12416,Brian
25517,Placido
24245,Myiesha
15077,Deontray
14673,Davaughn
17819,Hinda
25907,Rankin
28953,Tambria
19064,Jerell
10815,Amii
20020,Kanesha
11838,Barbey
18810,Jaymes
13719,Christyne
28487,Spenser
11205,Antonella
16138,Emilyann
19570,Joscelin
20336,Kaydee
16136,Emilly
11585,Astrid
29978,Travis
15995,Elizabeth
16658,Fernandina
29036,Taneshia
17673,Heena
10699,Amabel
20454,Keisa
26143,Rena
20803,Khrystal
12408,Brettney
21320,Ladawn
24689,Nhu
12055,Berthe
21167,Krysteena
27201,Selwyn
22987,Marcille
25726,Rachiel
26940,Sammijo
17175,Gibran
16176,Emyle
25811,Rajeev
14764,De
17480,Hagen
29761,Tira
27109,Savvas
14886,Delia
27601,Shantika
17973,Ieshia
19045,Jerae
29261,Teandre
24615,Nelida
19916,Kalenna
29248,Taz
16041,Elodia
19495,Jonathen
10174,Adreanna
24838,Nil
27251,Sevag
20327,Kawika
27580,Shantana
10347,Ala
10172,Adrean
10760,Amberrose
13195,Chamia
29387,Teodoro
16275,Erl
15890,Elda
24869,Nishan
27558,Shanna
29284,Tedric
23082,Marice
18768,Javonda
13287,Charday
12468,Brinna
21981,Lekeisha
17854,Hollye
20359,Kaylor
24230,Mustafa
23239,Marlina
23451,Matisha
11843,Barclay
25587,Prisma
27739,Sharra
22502,Lovey
11954,Belinda
11278,Apryll
14029,Coreena
11592,Atanacio
17864,Honor
20258,Kathy
28205,Shonika
21520,Lapria
20716,Ketra
18997,Jennee
21889,Lazar
27460,Shamit
29892,Torin
24995,Nykia
12362,Breianna
26822,Sachiko
23366,Marvell
20629,Kentrell
21205,Kwesi
28401,Smantha
29033,Taner
22306,Lisaann
19156,Jerrie
21414,Lakita
22463,Lorna
20304,Katryn
28759,Syed
13739,Chuckie
11014,Angelina
26854,Saida
18475,Jamiee
10322,Akeila
28210,Shontavia
18512,Jamond
10080,Acey
20922,Kinzie
24208,Mugsy
17234,Giovanny
24328,Naftali
26349,Rivi
22189,Liberty
28896,Talbot
10399,Aldrich
20753,Keyonda
27531,Shani
16290,Ernestina
13957,Conan
13294,Charelle
28104,Sherrill
23611,Megha
10868,Anahita
29205,Tausha
24674,Newman
28779,Syrita
22924,Manna
18779,Jawann
19357,Jody
24427,Naria
20146,Karsten
10715,Aman
15720,Dyane
24921,Nolan
10245,Agustine
21839,Lavelle
19080,Jeri
17494,Hal
21443,Lamia
16190,Englebart
19877,Kaisa
28769,Sylvia
17665,Heddi
11337,Arel
13480,Chennell
18936,Jemmie
16661,Ferrell
11309,Arch
12258,Bradey
15137,Desa
28648,Stormy
19129,Jeromi
23981,Mimi
12201,Blossom
21804,Lauren
15986,Elita
14035,Coretta
28521,Stanly
25366,Peg
18762,Javian
25393,Per
20280,Katja
27005,Santia
18848,Jean-Lou
15829,Eduard
17617,Hasheem
10356,Alameda
12672,Caitlen
22618,Lyndell
15471,Donella
23559,Mcarthur
18599,Janka
12377,Brendon
23818,Mi
19672,Joyanne
12218,Bobette
16564,Faryn
27414,Shalna
23968,Milli
25340,Paulita
16228,Era
10241,Aguinaldo
22292,Linzey
18052,Inesita
28276,Sibel
23375,Marwin
17555,Hannibal
26244,Rhiana
14596,Darrah
29947,Tramayne
18272,Jacorey
10039,Abdul
14361,Dalisha
17943,Iasha
26321,Riley
12993,Cass
20082,Kariotta
19993,Kammie
14059,Corliss
14031,Coren
13033,Catherine
25063,Olawale
24085,Moishe
10168,Adra
29638,Tibold
18229,Jacintha
13286,Chardai
23651,Melana
20373,Kayti
23844,Michaele
21104,Krissy
23389,Maryclaire
12244,Boris
24126,Montae
10468,Alexanderia
28550,Stefanee
18897,Jeena
14271,Cynthea
29389,Teofilo
28306,Sigifredo
27814,Shavaun
10281,Aiman
25904,Ranisha
11400,Arlee
23156,Marivel
29032,Tanequa
24166,Morgann
15953,Eliezer
16826,Freda
14304,Daesha
15291,Diane
12881,Carlo
17806,Hildy
15941,Elias
22102,Leslee
27808,Shauri
27535,Shanicka
14696,Daviel
12488,Britanie
22351,Lizbet
21681,Latarra
27348,Shakenna
23092,Marie
29764,Tirso
29920,Towana
21426,Lamanda
10170,Adraine
13950,Colton
27252,Sevan
12050,Berry
23373,Marwa
22562,Luis
12414,Bria
18393,Jama
28410,Socorro
17275,Glenisha
26994,Sanna
19805,Justyne
10563,Alita
13849,Clea
22153,Levis
25050,Ofilia
16245,Eria
27658,Shareef
18276,Jacqualin
17284,Glori
16331,Esmeralda
10755,Amberlie
18737,Jasper
15686,Dustee
24966,Norwood
27884,Shaylene
17006,Geffery
11591,Atalie
25253,Pammy
29848,Tonesha
28734,Suzy
23733,Mendi
16151,Emmanual
18962,Jenesa
25379,Penn
14970,Demetrious
20037,Kaprice
29449,Terrance
11323,Ardelle
18526,Janalee
16682,Filipe
26187,Renso
23248,Marlos
28106,Sherrina
23294,Marquis
23328,Martavious
16681,Filip
24783,Niel
29829,Tomika
17441,Gwen
24465,Natalie
10686,Alyse
28749,Sybrina
22262,Lindsy
24377,Nakima
23263,Marnia
22705,Madalena
15831,Edurdo
21765,Latrena
11362,Arick
27124,Saysha
22501,Lovette
24248,Myka
26323,Rina
24784,Niels
14362,Dallan
13611,Chitara
11458,Arpan
13884,Clint
24215,Munir
20919,Kinyata
15667,Dunstan
15333,Dimitrios
26008,Raymon
20177,Kasi
24577,Neema
15221,Devi
25276,Parker
26406,Rock
17422,Gus
15990,Eliz
12140,Billye
29614,Thurman
13925,Colene
28841,Taisa
18701,Jarrod
11466,Arshad
21351,Lailani
20877,Kimbrly
28868,Takendra
12903,Carmelita
19810,Juwanda
26300,Rickey
19811,Jvon
23275,Marquell
23217,Marlana
27363,Shakima
15328,Dillon
29772,Tishawn
24398,Nancy
26799,Saara
21152,Kristyne
21358,Laisha
28680,Sultan
20535,Kemia
21062,Kortnee
24470,Natalya
23910,Mikael
19309,Jo-Anne
24153,Moore
15296,Diann
11906,Baudelia
26565,Roobbie
19589,Joseluis
12450,Brigett
28542,Stasha
23807,Mesha
12268,Braeden
18532,Janaya
11029,Angie
11378,Arik
19313,Joan
22569,Luismiguel
10503,Alfonse
19364,Joelene
18006,Ilea
16728,Florette
12169,Blair
22640,Lynise
27760,Shatera
12882,Carlon
12064,Berty
10555,Alissa
10329,Akhil
18629,Japheth
22874,Malinda
11756,Ayisha
10265,Aiden
18690,Jarred
29862,Tonique
21606,Larson
22000,Lemarr
28147,Shiloh
26692,Roz
22031,Lenny
29951,Trampus
21869,Lawerence
22793,Maida
27058,Sarica
27015,Sanya
14588,Darnelle
10849,Amr
26397,Rocheal
14478,Danne
19988,Kamille
17230,Giovani
21616,Lasasha
21634,Lashaunda
25754,Rafa
20675,Kerisha
20962,Kissiah
12563,Bronson
19899,Kalana
13799,Clancy
25011,Obdulio
18379,Jalal
14160,Cressie
20782,Khalisha
14791,Dearl
22977,Marchella
18037,Imojean
23181,Markeia
26606,Roscoe
25860,Ramsey
12873,Carlis
25861,Ramy
26006,Raylynn
22787,Mahogony
29506,Texas
26585,Rosalind
25965,Rashmi
10109,Adekunle
17316,Goldy
26967,Sande
27427,Shamanda
24935,Noor
18090,Irene
10879,Analise
10615,Allyson
23049,Margulia
10757,Amberlyn
29821,Tomeka
14051,Corinthia
11449,Arnetta
26340,Ritch
13977,Conrad
13293,Charell
17830,Hitesh
12686,Cale
29644,Tiebout
23118,Marilena
18967,Jenetta
20306,Katti
10692,Alyss
26709,Rubetta
16619,Felicita
28425,Soledad
26240,Rhett
28458,Sophana
18190,Iwalani
19193,Jessalin
16675,Filberto
17205,Gillie
19220,Jessie
10884,Anamaria
18636,Jaqueline
24289,Mystique
21697,Lateka
10137,Adia
20139,Karriem
27546,Shanine
26222,Reynold
17620,Hasina
10113,Adelaide
24954,Norman
18403,Jamala
11260,Aphrodite
21849,Lavette
21352,Laina
27129,Scarlette
24753,Nicle
22527,Lucia
19136,Jeronimo
13553,Chevelle
19907,Kaleem
10483,Alexias
19784,Jushua
26384,Robinetta
16877,Fuquan
16861,Frida
10881,Anallese
26986,Sanford
15837,Edwina
25673,Quinette
21668,Lashunna
16000,Elizbeth
18570,Janeth
14015,Cordale
12715,Callie
10776,Ambrosius
12485,Britainy
18986,Jenisha
11111,Annalynn
26338,Ristin
28376,Sivan
12891,Carlyle
23889,Micki
17544,Hanford
24115,Monifa
26043,Reann
11450,Arnie
21054,Korrey
12568,Brooke
18730,Jasmina
27616,Shaquanda
20584,Kenith
20384,Kealani
12718,Callum
25511,Piotr
17034,Genevie
11064,Anita
12278,Brandace
15001,Dene
27016,Sapan
17012,Gemma
29676,Tiffeney
28859,Takecia
17732,Hercule
11507,Asad
20856,Kimanh
28294,Siearra
13256,Chantae
20233,Katheleen
25349,Pawel
12265,Bradon
18183,Ivone
15895,Eldred
25254,Panagiota
16057,Else
12971,Cary
23223,Marlea
19963,Kamber
10240,Agueda
19187,Jesie
25467,Philly
29894,Torrance
22335,Lititia
13274,Chantrice
11663,Augustin
23144,Marisia
11912,Bayard
11245,Antwon
22385,Lona
24831,Nikolaus
23785,Merridie
26739,Rumaldo
16035,Elmo
19453,Johny
18130,Ishah
25617,Quanah
10580,Allegra
11442,Arnaldo
10954,Andrica
12098,Bettye
19435,Johnna
14087,Corrina
12078,Bethena
12719,Cally
11830,Barbabra
28180,Shiva
12717,Callista
14042,Corie
21863,Lavra
19415,Johndavid
24077,Mohammed
22060,Leonhard
16354,Estella
26684,Roxsana
29355,Teneisha
29528,Thao
29244,Tayna
14286,Cyrus
14628,Darsie
23121,Marillin
18839,Jazzmin
14151,Creed
18576,Jani
17880,Houa
18988,Jenn
16606,Feigy
24558,Nealon
26117,Reilly
19430,Johnita
24148,Montrelle
10019,Aaryn
16563,Farshad
28874,Takeya
16063,Elson
10006,Aamir
25224,Ozzie
11445,Arnel
20795,Khoi
17455,Gwenora
27466,Shamonique
28347,Sinan
25157,Oriana
20702,Keshana
16046,Elonda
26068,Recardo
24492,Natessa
23078,Maribelle
28206,Shonna
23173,Markanthony
10408,Alec
14558,Dariana
10764,Ambr
22915,Mandie
11772,Azadeh
20849,Kile
20487,Kelle
24931,Noni
10384,Albertine
26230,Rheana
12689,Caleen
21797,Laurann
21452,Lamont
16626,Felisa
14666,Datron
14407,Damonica
16622,Felicle
17663,Heda
11667,Augustus
17845,Hollee
29354,Teneil
16553,Farooq
24666,Neveen
27072,Sasan
23945,Mikos
20575,Kenetra
20863,Kimberle
11195,Antiono
22742,Maegen
10333,Akil
22482,Lotti
14955,Demerius
12740,Cameisha
17588,Harold
28123,Sheva
29737,Timothy
20524,Kelton
22248,Linde
22104,Lesley
16159,Emmery
14386,Dameion
23840,Michaela
16968,Garwin
16856,Freemon
29098,Tarence
25033,Odelia
12767,Campbell
26836,Sadye
25529,Porcia
22836,Makinzie
29231,Tawnie
29846,Toneisha
20419,Keely
13896,Clover
16023,Ellisha
22756,Magdalyn
25874,Randale
20616,Kenon
16457,Evie
17741,Hermes
25468,Philomena
14783,Deann
12622,Bunni
26271,Ricard
25013,Oberon
28943,Tamari
20356,Kaylin
14193,Cristo
17751,Hernan
26388,Robrt
27260,Sha
25722,Rachele
23983,Mina
20043,Karalyn
13948,Colten
11112,Annalyse
28679,Sulma
17881,Houston
28704,Sunshine
14332,Daisy
12342,Breane
16980,Gav
14776,Deandrew
25892,Raneisha
16173,Emory
23307,Marrisa
16232,Erastus
18048,Indria
23249,Marlow
11518,Ashaunti
28923,Tallou
27500,Shanea
18034,Immanuel
22754,Magdalene
15768,Ebenezer
28264,Si
10209,Afaf
22217,Liliana
29781,Titus
20190,Kassia
12248,Bowman
17104,Gerard
21538,Laquia
29168,Tashena
20541,Kenan
24272,Myriah
23607,Meggi
23094,Marie-Jeanne
28703,Sunny
26928,Sami
27881,Shaylee
14599,Darrel
10741,Amata
19703,Juante
19482,Jomar
26572,Rory
10084,Adah
14590,Darneshia
12914,Carmisha
24200,Moyna
28766,Sylvana
20381,Keah
21659,Lashonda
25827,Ralphael
22608,Lyman
21696,Lateisha
15297,Dianna
18181,Ivis
20059,Karene
26570,Rori
27118,Sayed
17575,Harland
24944,Norene
25733,Radcliffe
27706,Sharlena
26007,Raymar
18898,Jef
25347,Pavielle
23618,Meghen
10734,Amargo
26246,Rhiannan
18162,Italia
23509,Mavra
12559,Brogan
19720,Judye
14657,Dashonda
23416,Marymargaret
13967,Connan
21258,Kyria
20866,Kimberley
12470,Brint
24519,Natisha
26361,Robb
28548,Stefa
29174,Tashieka
14349,Dalen
11610,Atina
17283,Glinda
19580,Josefa
12421,Brianna
29717,Timekia
11322,Ardella
18422,Jame
27644,Sharayah
16723,Florencio
29456,Terresa
12119,Bibby
18056,Inga
27824,Shavonn
15515,Dontavis
15658,Dulcine
23458,Matthaeus
27133,Schuyler
18908,Jeffrie
17597,Harriett
15615,Dray
22008,Lenamarie
12524,Britteny
11468,Artavia
25495,Pierre
23214,Markus
12504,Briton
14011,Corbett
21716,Laticia
27025,Sarabeth
12954,Carrin
23449,Matilda
27934,Shekeya
15808,Edina
18259,Jaclynn
22604,Lydon
12494,Britiney
23140,Marisel
16082,Elya
25653,Quentina
27548,Shanique
13110,Ceirra
25356,Pearce
12393,Brently
14033,Corenda
29264,Teara
25658,Quiana
15970,Elisabel
21423,Lalita
25659,Quianna
14901,Della
13941,Collis
25474,Phong
17956,Ida
27861,Shawntai
21267,Kystal
11447,Arnesha
14174,Crista
11020,Angelita
27180,Sela
27968,Shelley
26228,Rhawnie
15210,Deundra
15063,Deondra
13139,Celso
23830,Mical
16548,Farid
15809,Edison
29922,Towanna
12773,Canaan
10234,Agneta
25197,Ossie
28009,Shenisha
18153,Issa
15708,Dwana
27235,Sergent
24561,Nechama
10005,Aamil
10847,Amos
17389,Grisell
10154,Adolph
26171,Renessa
14998,Denae
13928,Colette
16423,Evangeline
23384,Marybel
20270,Katiejo
13230,Chanequa
15295,Dianira
13754,Ciarra
21770,Latressa
22710,Maddie
22857,Malee
20316,Kavan
27674,Sharhonda
26566,Roopa
28381,Skelly
13626,Chriselda
15582,Dorree
28682,Suly
13784,Cinthya
20994,Klint
19475,Joline
10731,Amantha
22558,Luella
15756,Eartha
26463,Rola
17149,Gerta
29116,Tarita
13767,Cilia
12262,Bradlee
25230,Paco
19501,Jonell
20677,Kerline
22758,Magdiel
13104,Cederick
18164,Itzia
16398,Eulalie
20498,Kellianne
21653,Lashelle
20060,Karesha
11352,Ariadne
24318,Nadiyah
25800,Rainy
21174,Krystil
23940,Mikka
20846,Kiki
29153,Tashara
29227,Tawnee
29520,Thai
19121,Jermond
13052,Catina
27798,Shauntay
13657,Christella
13459,Chelsey
15389,Dmarcus
15952,Eliesha
22464,Lorne
14743,Dayla
13667,Christia
23510,Max
20727,Keven
12287,Brandelyn
16319,Erynn
12481,Briston
16313,Erving
21820,Laurien
25917,Rapheal
25843,Ramia
19249,Jezabel
26856,Saidee
23685,Melisha
19451,Johnthomas
10383,Albertina
14623,Darryle
21488,Lanetta
24209,Muhamed
26691,Royce
19970,Kameko
26213,Rexford
25489,Pia
15223,Devin
29139,Tarus
22290,Linus
27350,Shakeria
20360,Kaylyn
10533,Aliecia
29837,Tommy
28438,Son
23426,Mashell
11363,Aricka
17231,Giovanna
18280,Jacque
25497,Piers
23950,Milam
16112,Emeline
20077,Karina
12554,Brodey
28726,Suzann
11959,Bella
29424,Teresina
26576,Rosabella
19038,Jentry
27547,Shaniqua
15482,Donielle
17668,Hedvig
11480,Arti
27866,Shawntee
11096,Annadiane
14496,Dante
26763,Ruthie
13000,Cassaundra
17574,Harlan
18658,Jaree
21844,Lavern
25259,Pang
21588,Larita
16424,Evangelos
10665,Alverta
21118,Kristena
15166,Deshonna
15480,Donicia
22818,Major
12079,Betheny
15254,Dewayne
21319,Ladarryl
17079,Georgiamay
18142,Islam
12817,Caraline
12120,Bibbye
22574,Lukus
11760,Aylmer
20892,Kimyatta
11230,Antron
26175,Renia
17323,Gordan
16495,Fadi
26743,Ruperto
11084,Anna
27873,Shawona
26950,Samual
18057,Ingaberg
20836,Kiesha
22049,Leonard
26886,Sally
15308,Dido
24613,Nelda
10423,Alegra
11152,Annissa
25000,Nyoka
28193,Sholom
13071,Cayce
10171,Adrea
11416,Arlina
24803,Nikeshia
27123,Sayres
18597,Janith
14875,Delbert